,0
0,Perhaps
1,U.S.
2,"U.K,"
3,Kim
4,Kardashian
5,"Kim,"
6,The
7,Dakota's
8,Even
9,No
10,Just
11,Hearing
12,Our
13,This
14,Hilary
15,Clinton
16,Donald
17,Trump.
18,Many
19,Donald
20,So
21,Many
22,Hilary
23,Bengazi
24,"Trump,"
25,Children
26,No
27,There
28,This
29,BUT
30,FOUR
31,YEAR
32,OLD
33,GIRL.
34,What
35,So
36,There's
37,Nature
38,We've
39,Michigan.
40,There
41,She
42,You
43,Measure
44,But
45,Mexican
46,Trump
47,The
48,We
49,We
50,This
51,The
52,Yemen
53,Yemen
54,Somebody
55,Donald
56,Trump
57,Families
58,Donald
59,Trump
60,"We,"
61,Dioxide
62,This
63,Now
64,Now
65,Felt
66,The
67,Without
68,They
69,This
70,There
71,Farmers
72,They
73,Climate
74,Something
75,The
76,Too
77,CEO's
78,The
79,This
80,This
81,Here's
82,Life
83,Having
84,Some
85,Everyone
86,Just
87,Every
88,US
89,You
90,There's
91,Perhaps
92,Reading
93,There
94,The
95,"Hello,"
96,US
97,US
98,There
99,The
100,Their
101,How
102,Sometimes
103,Democrats
104,Trump
105,White
106,House
107,What
108,We
109,Reading
110,US
111,US.
112,We
113,How
114,Wells
115,Fargo?
116,You
117,What
118,SS
119,"Oh,"
120,We
121,Holy
122,Change
123,That's
124,LGBT
125,Royal
126,You
127,"Here,"
128,That's
129,This
130,Or
131,You
132,Somali
133,Minneapolis.
134,Donald
135,Trump's
136,Hollywood
137,"Wow,"
138,You
139,Good
140,"Lol,"
141,Who
142,What
143,"So,"
144,Kylie
145,"Jenner,"
146,She
147,Typhoon
148,Meranti.
149,The
150,Typhone
151,"Morakot,"
152,Cetin
153,"Harbor,"
154,Evidently
155,That
156,The
157,Some
158,Malaysia
159,Maybe
160,On
161,Christian
162,Muslim
163,Syria
164,He
165,This
166,"Jordan,"
167,Jordanian
168,"Westerners,"
169,Christians
170,US
171,The
172,The
173,One
174,He
175,The
176,Even
177,Why
178,Most
179,Funny
180,People
181,Too
182,But
183,This
184,Their
185,Let
186,Europe
187,This
188,The
189,Poles
190,Russia-
191,Russia
192,World
193,The
194,Polish
195,Russian
196,Poles.
197,What
198,The
199,Look
200,Corporate
201,They
202,When
203,This
204,There
205,The
206,Especially
207,This
208,Between
209,Did
210,They
211,This
212,The
213,There
214,They
215,Poor
216,So
217,This
218,Or
219,Perhaps
220,So
221,Wow.
222,Some
223,They
224,This
225,They
226,They
227,So
228,"Today,"
229,This
230,Today
231,November
232,Junior
233,"Thankfully,"
234,The
235,The
236,Sure
237,This
238,You'd
239,Yemen
240,Overall
241,Simply
242,There
243,Not
244,Maybe
245,Reading
246,To
247,Snake
248,The
249,No
250,There's
251,This
252,You're
253,Maybe
254,From
255,Us
256,What
257,This
258,The
259,Muslims
260,The
261,Our
262,When
263,Muslims
264,This
265,Boko
266,Haram
267,The
268,These
269,This
270,To
271,Russia
272,Syria
273,Syria
274,Russia
275,Trump
276,Putin
277,What
278,Syria
279,Russia
280,Us
281,The
282,The
283,We
284,We
285,Please
286,The
287,"Wow,"
288,Why
289,Busch
290,Poor
291,The
292,Soooo
293,These
294,God
295,Oh
296,Very
297,Poor
298,This
299,Read
300,Georgia
301,That
302,Muslim
303,Military
304,Many
305,Muslim
306,There
307,Venezuela
308,Due
309,They
310,Their
311,There
312,My
313,They
314,Trump
315,While
316,Trump
317,"President,"
318,Clinton.
319,"So,"
320,Obama
321,"President,"
322,Presidency
323,ObamaCare?
324,That
325,"So,"
326,Moore
327,While
328,They
329,There
330,"Unfortunately,"
331,This
332,"So,"
333,There
334,No
335,Please
336,This
337,Does
338,England
339,This
340,That
341,Ugh
342,New
343,Delhi?
344,The
345,They
346,Middle
347,There's
348,Please
349,Wow.
350,So...
351,"But,"
352,Ok.
353,Have
354,Many
355,That's
356,Have
357,People
358,What
359,Did
360,What's
361,"Hey,"
362,People
363,"But,"
364,HEN
365,"So,"
366,Yo.
367,Trump's
368,Oh
369,"So,"
370,Hi
371,We
372,You
373,Brazil.
374,We
375,We
376,Hey
377,We
378,Yemeni
379,They
380,Now
381,First
382,Please
383,Just
384,We
385,We
386,They
387,They
388,These
389,The
390,Their
391,Polar
392,They
393,There's
394,So
395,Think
396,The
397,Remember
398,Maybe
399,Here
400,Remember
401,PTSD?
402,Pretty
403,Hey
404,Trump
405,The
406,There
407,They
408,Dude
409,May
410,Wow
411,Then
412,They
413,Donald
414,Trumps
415,First
416,This
417,This
418,This
419,Something
420,There
421,For
422,This
423,There
424,What
425,This
426,This
427,Many
428,They
429,This
430,This
431,These
432,YOu
433,So
434,These
435,These
436,Natural
437,They
438,Some
439,Too
440,Humans
441,This
442,They
443,There
444,The
445,My
446,Guerrilla
447,While
448,Russia
449,US
450,POTUS
451,Trump
452,Suspicions
453,THIS
454,GO
455,We
456,We
457,The
458,Great
459,Reef
460,Sometimes
461,We
462,Check
463,YET
464,BP
465,Their
466,BS
467,How
468,You'd
469,You'd
470,CHANCE
471,People
472,How
473,The
474,Being
475,There's
476,Hi
477,There's
478,NBA
479,Hey
480,Plus
481,Definitely
482,Ugh
483,Edinburgh.
484,The
485,Plus
486,Where
487,Man
488,This
489,Even
490,PTSD
491,PTSD.
492,Timeshare
493,This
494,But
495,Rwanda
496,Things
497,This
498,The
499,RHONY
500,"So,"
501,He
502,Did
503,This
504,People
505,The
506,They
507,Lots
508,KKK
509,Not
510,Trump
511,Since
512,KKK
513,This
514,Media
515,Getting
516,"But,"
517,"So,"
518,They
519,This
520,Life
521,She
522,Seems
523,This
524,These
525,"But,"
526,Not
527,Seems
528,This
529,The
530,Think
531,JUST
532,What
533,Open
534,Obviously
535,But
536,Will
537,Probably
538,Open
539,Bring
540,When
541,Chicago.
542,We
543,Lead
544,To
545,This
546,We
547,Consider
548,This
549,"Trump,"
550,Hillary
551,Without
552,What
553,We
554,You
555,These
556,They
557,Hug
558,These
559,"So,"
560,Who
561,Who
562,There
563,There
564,What
565,Nyok
566,He
567,Courier-Mail
568,Mr
569,Nyok
570,Brisbane
571,Lord
572,Mayor
573,Graham
574,Quirk
575,Flags
576,Kashmir:
577,The
578,Photographer
579,Bhat
580,"Mushtaq,"
581,Kashmir.
582,Miss
583,Mushtaq
584,She
585,Nothing
586,Ms
587,Mushtaq
588,She
589,Tensing
590,"Tensing,"
591,Prosecutors
592,Tensing’s
593,Judge
594,Megan
595,Shanahan
596,Nov.
597,County
598,Joe
599,Deters
600,"Gerhardstein,"
601,DuBose
602,Megyn
603,Kelly
604,Trump.
605,Gingrich
606,Kelly
607,Gingrich
608,Bill
609,Clinton’s
610,Clinton
611,Clinton
612,"House,"
613,Senate.
614,"Voters,"
615,Republicans
616,The
617,GOP
618,House
619,Gingrich’s
620,The
621,Pizza
622,Grandview
623,Dave
624,"Neale,"
625,Welfare
626,Director
627,Yorkshire
628,Wildlife
629,From
630,China’s
631,The
632,For
633,For
634,The
635,Renewable
636,For
637,There
638,United
639,"States,"
640,"Russia,"
641,Syria
642,The
643,United
644,States
645,There
646,Russia
647,Syria
648,There
649,These
650,These
651,Details
652,Gilbert
653,Wilson
654,People
655,Results
656,Erving
657,"Goffman,"
658,Like
659,Goffman
660,Gut
661,Feelings
662,Since
663,Emotion
664,Feelings
665,Class
666,Middle-class
667,Middle-class
668,Middle-class
669,This
670,Whether
671,The
672,Red
673,Cross
674,They
675,South
676,They
677,There
678,"GoFundMe,"
679,The
680,Efforts
681,They
682,"Usually,"
683,Why
684,There
685,Would
686,Every
687,Do
688,This
689,What
690,Those
691,What
692,WRONG
693,They
694,So
695,Kesha
696,She
697,She
698,Sometimes
699,Obama
700,Trump
701,"Obviously,"
702,Trump's
703,"Charleston,"
704,"S.C.,"
705,Confederate
706,But
707,Old
708,South
709,During
710,President-elect
711,Donald
712,J.
713,Trump’s
714,June
715,Trump
716,Confederate
717,South
718,Victim
719,She
720,Sleep
721,"However,"
722,CDC-backed
723,February
724,Many
725,CDC
726,"Well,"
727,Get
728,The
729,Ms
730,Snapchat
731,Thursday
732,"Hey,"
733,Those
734,You
735,These
736,There
737,"Sometimes,"
738,Hopefully
739,Won't
740,This
741,They
742,There
743,They
744,BLM
745,"Clearly,"
746,That
747,The
748,She
749,LMFAO.
750,That
751,"Sure,"
752,"Oh,"
753,There
754,Forget
755,These
756,This
757,Wells
758,Fargo's
759,People
760,Philadelphia
761,Now
762,Behind
763,Wells
764,Fargo
765,"Philadelphia,"
766,Facing
767,Wells
768,Fargo
769,The
770,Countless
771,Of
772,Hate
773,Have
774,Been
775,Out
776,Since
777,Trump’s
778,Win
779,Day
780,Donald
781,Trump’s
782,Day
783,Since
784,Election
785,"Day,"
786,"U.S.,"
787,Southern
788,Poverty
789,Center.
790,People
791,"Muslim,"
792,"Jewish,"
793,While
794,Trump
795,The
796,New
797,Global
798,Southern
799,Spain
800,Climate
801,France
802,"Spain,"
803,They
804,Middle
805,Mediterranean
806,Southern
807,"Spain,"
808,Known
809,The
810,Celsius
811,Fahrenheit
812,The
813,Doherty
814,Shares
815,Her
816,Story
817,With
818,Chelsea
819,Handler
820,"Emotional,"
821,Tear-Filled
822,Shannen
823,Doherty
824,Chelsea
825,Handler.
826,During
827,Handler’s
828,Netflix
829,"Chelsea,"
830,Beverly
831,"Hills,"
832,The
833,The
834,Trump
835,Donald
836,Trump
837,Sunday
838,President-elect.
839,Trump
840,CBS'
841,Lesley
842,Stahl
843,"Minutes"""
844,Muslims
845,Trump
846,Trump's
847,Democrats
848,He
849,Hello
850,Current
851,Biology
852,"Hello,"
853,Bodies
854,Project.
855,Birth
856,Without
857,Fear
858,"Facebook,"
859,"Hello,"
860,Donald
861,Trump
862,United
863,States.
864,The
865,South
866,"Philadelphia,"
867,"Hello,"
868,Nigerians
869,Boko
870,"Haram,"
871,The
872,Girl
873,This
874,They
875,Good
876,Global
877,While
878,Unfortunately
879,Even
880,This
881,This
882,That
883,But
884,This
885,No
886,We
887,We
888,Nino
889,The
890,Because
891,China
892,The
893,Our
894,The
895,Thanks
896,We
897,Some
898,People
899,People
900,This
901,My
902,Humans
903,Every
904,Positions
905,Whether
906,United
907,States
908,These
909,These
910,There
911,Human
912,Human
913,"Hey,"
914,People
915,"Dude,"
916,The
917,Halloween
918,They
919,That
920,They
921,The
922,They're
923,So
924,There
925,There
926,They
927,The
928,She
929,She
930,Philippines
931,He
932,He
933,He
934,US
935,European
936,There
937,But
938,Trump
939,They
940,They
941,This
942,There’s
943,Maybe
944,Shit
945,People
946,Maybe
947,Otherwise
948,This
949,North
950,Korea
951,The
952,This
953,March
954,Kim
955,Sung
956,The
957,They
958,Politicians
959,Fracking
960,Ultimately
961,Society
962,Dear
963,Hong
964,Kong.
965,This
966,Hong
967,Kong
968,He
969,Hong
970,Kong's
971,He
972,He
973,Dear
974,Mushtaq.
975,She
976,She
977,She
978,Dear
979,Wesley
980,"O'Dell,"
981,The
982,The
983,Now
984,O'Dell
985,Dear
986,Thomas
987,There
988,Dear
989,"Friend,"
990,Kim
991,Kardashian
992,She
993,We
994,Because
995,We
996,We
997,Everything
998,Greece
999,These
1000,The
1001,FBI's
1002,We
1003,Lincoln
1004,Terminal?
1005,That
1006,This
1007,Dogs
1008,Just
1009,We
1010,One's
1011,Dr.
1012,Jack
1013,"Drescher,"
1014,The
1015,Huffington
1016,Post.
1017,Drescher
1018,LGBTQ
1019,For
1020,"Georgia,"
1021,State
1022,With
1023,John
1024,"Williams,"
1025,"Falls,"
1026,Trail
1027,Georgia
1028,Duterte's
1029,CNN
1030,CNN
1031,Philippines.
1032,"He,"
1033,Friday
1034,Dimaukom's
1035,Duterte
1036,May
1037,Since
1038,"June,"
1039,Filipino
1040,The
1041,"Handler,"
1042,Don’t
1043,Doherty
1044,Handler
1045,"Handler,"
1046,Doherty
1047,We
1048,Volusia
1049,County
1050,Sheriff’s
1051,Office.
1052,During
1053,The
1054,He
1055,Niekerk
1056,Sabi
1057,Mozambican
1058,"Suddenly,"
1059,Niekerk.
1060,The
1061,The
1062,Friday
1063,By
1064,Cohen
1065,New
1066,York
1067,Before
1068,Bob
1069,Dylan
1070,Rock
1071,Roll
1072,Hall
1073,Fame
1074,Order
1075,Cohen
1076,His
1077,He
1078,Jesus
1079,Christ
1080,Jewish
1081,Hundreds
1082,Wednesday.
1083,Los
1084,Hundreds
1085,Friday
1086,Square
1087,Manhattan.
1088,Kenya
1089,UNHCR
1090,Commissioner
1091,"Refugees,"
1092,Filippo
1093,"Grandi,"
1094,Somali
1095,Look
1096,Notice
1097,"Yeah,"
1098,OR
1099,"So,"
1100,You'd
1101,Chicken
1102,Little
1103,Look
1104,We
1105,STILL
1106,You
1107,How
1108,Oh
1109,Pete
1110,Burns
1111,He
1112,Gorgeous
1113,Why
1114,Now
1115,Wow.
1116,Let
1117,The
1118,German
1119,Consulate
1120,Middle
1121,North
1122,Europe
1123,Here's
1124,"Muslims,"
1125,Middle
1126,HAPPY
1127,Never
1128,Ugh.
1129,"Yeah,"
1130,MUSLIMS.
1131,The
1132,MUSLIMS
1133,Ha.
1134,Get
1135,She
1136,While
1137,This
1138,This
1139,His
1140,You
1141,Life
1142,You
1143,"Ugh,"
1144,"Nope,"
1145,The
1146,"Thankfully,"
1147,While
1148,"But,"
1149,One
1150,The
1151,Wish
1152,They
1153,The
1154,Jesse
1155,What
1156,Of
1157,The
1158,Of
1159,Especially
1160,Looking
1161,God
1162,Unfortunately
1163,For
1164,Certainly
1165,Hopefully
1166,Of
1167,Florida
1168,Perhaps
1169,They
1170,They
1171,Please
1172,This
1173,We
1174,These
1175,Those
1176,This
1177,They
1178,"Wow,"
1179,L'Oreal
1180,You
1181,She's
1182,No
1183,You
1184,Climate
1185,Humans
1186,Biodiversity
1187,Temperatures
1188,This
1189,Wind
1190,Read
1191,Perception
1192,Feelings
1193,People
1194,"Or,"
1195,Some
1196,The
1197,"Thursday,"
1198,She
1199,The
1200,Human
1201,The
1202,Borno
1203,State's
1204,Maiduguri.
1205,The
1206,Nigeria's
1207,Nigeria's
1208,General
1209,"Police,"
1210,Thursday.
1211,Police:
1212,Security
1213,Some
1214,Thomas
1215,The
1216,Chief
1217,Justice
1218,John
1219,G.
1220,Roberts
1221,Jr.
1222,Supreme
1223,"Court,"
1224,Roberts
1225,While
1226,Justices
1227,Thomas
1228,Republicans
1229,Moore
1230,POLITICO
1231,Donald
1232,Trump
1233,"Meanwhile,"
1234,Trump’s
1235,House
1236,Republicans
1237,Trump’s
1238,Senate
1239,New
1240,Hampshire’s
1241,Kelly
1242,She
1243,"Thursday,"
1244,For
1245,Trump
1246,Trump
1247,"However,"
1248,The
1249,Further
1250,Until
1251,Living
1252,"Louisiana,"
1253,Yet
1254,These
1255,Hello
1256,"However,"
1257,"CEO,"
1258,Maybe
1259,"CEO,"
1260,Hello
1261,The
1262,Lucky
1263,Hello
1264,This
1265,"Trump,"
1266,"Realistically,"
1267,Trump.
1268,Trying
1269,Trump
1270,What
1271,CPS
1272,People
1273,Hello
1274,This
1275,One
1276,Schools
1277,Hello
1278,Wells
1279,Fargo
1280,Wells
1281,Fargo
1282,Those
1283,Of
1284,Check
1285,Remember
1286,He
1287,He
1288,Pennsylvania.
1289,So
1290,Wow!
1291,This
1292,National
1293,Tiger
1294,Conservation
1295,We
1296,Lena
1297,"Heady,"
1298,Her
1299,Wylie's
1300,Brampton
1301,She
1302,What
1303,Society
1304,YOu
1305,Further
1306,Elephants
1307,People
1308,Here
1309,They
1310,This
1311,Being
1312,Minority
1313,Report
1314,There
1315,Culture.
1316,The
1317,Trump
1318,Trump.
1319,People
1320,What
1321,There
1322,Houston.
1323,Mental
1324,We
1325,They
1326,This
1327,While
1328,This
1329,Why
1330,Europe?
1331,Europe
1332,No
1333,How
1334,Did
1335,There
1336,You
1337,People
1338,The
1339,North
1340,Korea
1341,Hey
1342,Sometimes
1343,They
1344,UN
1345,There
1346,Middle
1347,"Gosh,"
1348,Middle
1349,This
1350,Things
1351,The
1352,Maybe
1353,UN
1354,Hi.
1355,Just
1356,Russia
1357,Britain.
1358,What's
1359,Russian
1360,The
1361,Maybe
1362,Those
1363,Middle
1364,Near
1365,Yemen.
1366,They
1367,These
1368,Not
1369,Trees
1370,They're
1371,Situations
1372,Reading
1373,There's
1374,US
1375,This
1376,Our
1377,Doctors
1378,Without
1379,Borders
1380,Revolting.
1381,Seems
1382,Trump
1383,They're
1384,Trump.
1385,Trump
1386,The
1387,Quite
1388,The
1389,Government
1390,The
1391,France
1392,French
1393,French
1394,Middle
1395,The
1396,U.S.
1397,Terror
1398,Middle
1399,The
1400,G.W.
1401,Bush
1402,Hussein
1403,"Hussein,"
1404,The
1405,Monetary
1406,"Fund,"
1407,Rodrigo
1408,The
1409,The
1410,Perhaps
1411,Well
1412,We've
1413,South
1414,Korea
1415,"Plus,"
1416,Yuck.
1417,The
1418,Really?
1419,How
1420,You
1421,Syrian
1422,Those
1423,Fell
1424,Hong
1425,Los
1426,Whos
1427,George
1428,Stroumbolopoulos
1429,What
1430,Honestly
1431,Opiate
1432,This
1433,He
1434,Sunday
1435,He
1436,He
1437,This
1438,The
1439,College
1440,Cohen
1441,Jeff
1442,Buckley
1443,Shrek.
1444,Bird
1445,Wire
1446,He
1447,The
1448,They
1449,Trump.
1450,Not
1451,Trump
1452,The
1453,The
1454,Hello!
1455,Pulse
1456,Nightclub
1457,HIV
1458,HIV.
1459,This
1460,HIV
1461,People
1462,HIV.
1463,Remember
1464,Polish
1465,Some
1466,Russians
1467,Not
1468,More
1469,North
1470,Dakota
1471,They
1472,New
1473,Thought
1474,This
1475,Hopefully
1476,Thinking
1477,Did
1478,Ughhh!
1479,YOu
1480,This
1481,Ughh.
1482,How
1483,"Man,"
1484,Rothschild
1485,That
1486,The
1487,"Dude,"
1488,The
1489,But
1490,Michael
1491,Moore
1492,The
1493,This
1494,Trump's
1495,He
1496,Democratic
1497,Trump
1498,Hillary
1499,What
1500,The
1501,The
1502,Great
1503,Reef
1504,While
1505,Did
1506,How
1507,We
1508,Now
1509,Haitian
1510,Mexico
1511,The
1512,Haitians
1513,We
1514,We
1515,Please
1516,Life
1517,We
1518,We
1519,While
1520,We
1521,For
1522,These
1523,Why
1524,United
1525,States?
1526,There
1527,So
1528,We
1529,First
1530,Now
1531,"Trump,"
1532,He
1533,Hopefully
1534,Gross!
1535,This
1536,This
1537,Why
1538,Thailand.
1539,Thai
1540,This
1541,The
1542,Mental
1543,Whenever
1544,We
1545,Just
1546,We
1547,So
1548,"Wow,"
1549,People
1550,These
1551,"However,"
1552,These
1553,When
1554,Too
1555,Some
1556,Something
1557,British
1558,Those
1559,Once
1560,When
1561,My
1562,We
1563,Just
1564,We
1565,Middle
1566,Trump's
1567,Mexico
1568,While
1569,This
1570,We
1571,But
1572,Even
1573,Trump
1574,They
1575,Obama
1576,Now
1577,Trump
1578,Trump's
1579,The
1580,Stuff
1581,Burns
1582,Hopefully
1583,That's
1584,"Seriously,"
1585,Who
1586,What
1587,He
1588,Sea
1589,World
1590,Hollywood.
1591,When
1592,"Hollywood,"
1593,People
1594,Hollywood
1595,North
1596,Nothing
1597,Nobody
1598,There's
1599,Did
1600,They
1601,China
1602,Well
1603,The
1604,So
1605,Leon
1606,Russell
1607,There
1608,Elton
1609,John
1610,Russel
1611,So
1612,The
1613,"Obviously,"
1614,So
1615,Feel
1616,Guessing
1617,She
1618,The
1619,You
1620,Manhattan.
1621,Usually
1622,There
1623,The
1624,Did
1625,The
1626,Whenever
1627,The
1628,People
1629,This
1630,Do
1631,What
1632,More
1633,Obesity
1634,Sometimes
1635,People
1636,The
1637,Some
1638,Without
1639,What
1640,Given
1641,For
1642,This
1643,Then
1644,The
1645,They
1646,There
1647,That
1648,Starting
1649,"President,"
1650,Maybe
1651,The
1652,Let
1653,Super
1654,Bowl
1655,Maybe
1656,Falcons
1657,When
1658,Lebron
1659,They
1660,Not
1661,United
1662,States
1663,Presidential
1664,STEM
1665,Now
1666,Every
1667,The
1668,The
1669,The
1670,President
1671,Obama's
1672,This
1673,Their
1674,These
1675,These
1676,People
1677,The
1678,United
1679,States
1680,We
1681,We
1682,Though
1683,For
1684,The
1685,United
1686,Nations
1687,High
1688,Commissioner
1689,Refugees
1690,Non-human
1691,Without
1692,Humans
1693,This
1694,The
1695,Some
1696,Your
1697,Guide
1698,Healthy
1699,"Sleep,"
1700,National
1701,Health
1702,"Sleep,"
1703,Sleep
1704,"Disorders,"
1705,Biological
1706,"Rhythms,"
1707,During
1708,The
1709,We
1710,Turkey
1711,Turkish
1712,Mogherini
1713,EU’s
1714,"Demirtaş,"
1715,Turkey
1716,Demirtaş
1717,Erdoğan’s
1718,"Turkey,"
1719,HDP
1720,The
1721,The
1722,To
1723,For
1724,President
1725,"Trump,"
1726,The
1727,Why
1728,Chase
1729,What
1730,My
1731,They
1732,This
1733,How
1734,What
1735,Those
1736,How
1737,Sometimes
1738,President
1739,Trump
1740,Nazi
1741,Germany
1742,President
1743,Trump
1744,Jews
1745,Donald
1746,Trump
1747,He
1748,President
1749,Donald
1750,Trumps
1751,Him
1752,Like
1753,President
1754,Trump
1755,"Hitler,"
1756,Reema
1757,Marea
1758,"Hameed,"
1759,Turkey
1760,University
1761,Davis
1762,Janet
1763,"Reno,"
1764,US
1765,"Reno,"
1766,US
1767,President
1768,Bill
1769,"Clinton,"
1770,Monday
1771,Maggy
1772,Hurchalla
1773,She
1774,"Reno,"
1775,Clinton
1776,White
1777,House
1778,Spain
1779,Deadly
1780,Train
1781,Crash
1782,Spanish
1783,Jessy
1784,She
1785,By
1786,Show
1787,Producers
1788,When
1789,Jessy
1790,But
1791,Where
1792,They
1793,Now?”
1794,Him
1795,Jack
1796,Have
1797,We
1798,Should
1799,What
1800,Who
1801,Jack
1802,What
1803,Hey
1804,Crutcher
1805,Let
1806,My
1807,Please
1808,How
1809,They
1810,What
1811,Let
1812,Remember
1813,This
1814,Maybe
1815,Thanks
1816,Wow
1817,You
1818,Hopefully
1819,Maybe
1820,Hey
1821,There
1822,This
1823,From
1824,They
1825,So
1826,We
1827,We
1828,The
1829,The
1830,"Flint,"
1831,Michigan
1832,We
1833,Children
1834,No
1835,United
1836,"States,"
1837,Officers
1838,More
1839,They
1840,Halloween
1841,Because
1842,Halloween
1843,No
1844,Did
1845,New
1846,Zealand?
1847,Those
1848,God
1849,"Hey,"
1850,"Fires,"
1851,There
1852,TOO
1853,MUCH.
1854,Now
1855,"Hey,"
1856,South
1857,Korea
1858,There
1859,Oh
1860,There
1861,So
1862,Something
1863,They
1864,Crowe
1865,Men
1866,Steve
1867,"Wilkos,"
1868,Steve
1869,Sometimes
1870,She
1871,Honestly
1872,Pythons
1873,People
1874,Hey
1875,Did
1876,He
1877,He
1878,They
1879,Hey
1880,Did
1881,Tell
1882,Oh
1883,Did
1884,Halloweed?
1885,Could
1886,This
1887,Trump
1888,Did
1889,Trump
1890,"However,"
1891,Trump
1892,Did
1893,This
1894,She
1895,Do
1896,This
1897,Hitler.
1898,Why
1899,There
1900,Kshmir
1901,The
1902,Chicago
1903,They
1904,EPA
1905,"Flint,"
1906,Willoughby
1907,Hills
1908,Cleveland
1909,His
1910,There
1911,The
1912,Russian
1913,Her
1914,When
1915,CIA
1916,Guantanamo
1917,Dr.
1918,Rosecrans
1919,Navy
1920,She
1921,The
1922,This
1923,France
1924,What
1925,Were
1926,On
1927,That
1928,Monty
1929,Python
1930,This
1931,That's
1932,How
1933,That
1934,That
1935,That's
1936,That's
1937,That
1938,Moldova
1939,That
1940,UN
1941,Everyone
1942,People
1943,He
1944,This
1945,Uganda
1946,But
1947,Signs
1948,But
1949,This
1950,There
1951,There
1952,Scary
1953,First
1954,KKK
1955,"Trump,"
1956,Trump
1957,Democratic
1958,Trump.
1959,This
1960,States
1961,This
1962,Since
1963,There
1964,CMV
1965,These
1966,Make
1967,Working
1968,This
1969,From
1970,"Hey,"
1971,The
1972,Wow...what
1973,This
1974,"Hey,"
1975,This
1976,He
1977,Just
1978,This
1979,This
1980,The
1981,That
1982,This
1983,"Well,"
1984,But
1985,Ugh
1986,First
1987,Don't
1988,"Then,"
1989,SO
1990,FAR
1991,THAT
1992,YOU
1993,"COULDN""T"
1994,GET
1995,OUT.
1996,Holy
1997,This
1998,These
1999,This
2000,Sometimes
2001,Sometimes
2002,That
2003,Everyone
2004,You're
2005,Those
2006,Did
2007,Those
2008,He
2009,What
2010,Just
2011,Keep
2012,Did
2013,Leonard
2014,Cohen
2015,You
2016,Hallelujah
2017,Poor
2018,Just
2019,Did
2020,Syria
2021,Donald
2022,Trump
2023,Russian
2024,"Man,"
2025,Could
2026,Did
2027,They
2028,Those
2029,Syrian
2030,Obama
2031,When
2032,Spring
2033,Libyan
2034,Syrian
2035,Democrat-voting
2036,Republican
2037,"Obama,"
2038,SO
2039,There
2040,Western
2041,European
2042,Syrian
2043,"Hey,"
2044,Spin
2045,"Round"""
2046,The
2047,UK
2048,Celebrity
2049,Big
2050,"Brother,"
2051,NODAPL
2052,Trump.
2053,The
2054,Even
2055,These
2056,Did
2057,How
2058,Make
2059,Wow
2060,Syria
2061,Russia
2062,This
2063,The
2064,Could
2065,Let's
2066,These
2067,That's
2068,For
2069,"Wow,"
2070,Not
2071,Condoms
2072,Oh
2073,Could
2074,North
2075,Philly.
2076,"Damn,"
2077,Will
2078,Every
2079,Here
2080,"Detroit,"
2081,Philadelphia.
2082,The
2083,Hopefully
2084,The
2085,But
2086,Here
2087,"Dreamworld,"
2088,But
2089,Shoot
2090,Cedar
2091,Point.
2092,But
2093,One
2094,Now
2095,Here's
2096,Standing
2097,Rock
2098,Standing
2099,Rock
2100,LOT
2101,Obama
2102,Trump
2103,Native
2104,Standing
2105,Rock
2106,We've
2107,"Michigan,"
2108,Sioux
2109,Even
2110,NO
2111,Here
2112,Republicans.
2113,They
2114,Trump
2115,Let's
2116,November.
2117,But
2118,Hillary
2119,Democrats.
2120,Russians
2121,No
2122,We
2123,November.
2124,This
2125,This
2126,Not
2127,Vietnam
2128,They
2129,"However,"
2130,PTSD.
2131,PTSD
2132,Vietnam
2133,Healing
2134,They
2135,The
2136,You
2137,He
2138,Everything
2139,This
2140,Something
2141,This
2142,That
2143,No
2144,You
2145,Turkey.
2146,They
2147,Then
2148,Turkey
2149,US
2150,There
2151,Billy
2152,Bob
2153,Thorton
2154,Jolie.
2155,He
2156,This
2157,He
2158,This
2159,He
2160,The
2161,Brad.
2162,Trump
2163,This
2164,Some
2165,The
2166,People
2167,The
2168,Kenya
2169,South
2170,Sudan.
2171,The
2172,There
2173,The
2174,The
2175,The
2176,The
2177,"Now,"
2178,They
2179,The
2180,The
2181,US
2182,This
2183,The
2184,Without
2185,These
2186,They
2187,This
2188,Where
2189,Yet
2190,We
2191,We
2192,"However,"
2193,We
2194,While
2195,We
2196,Other
2197,The
2198,However
2199,Society
2200,No
2201,However
2202,They
2203,This
2204,They
2205,No
2206,LEAVE!
2207,The
2208,But
2209,Kids
2210,Many
2211,Some
2212,We
2213,So
2214,Even
2215,The
2216,Expecting
2217,Politics
2218,They
2219,But
2220,People
2221,So
2222,While
2223,Just
2224,This
2225,The
2226,Simpsons
2227,ONE
2228,"Well,"
2229,Thats
2230,So
2231,Flint
2232,MI
2233,The
2234,Well
2235,Or
2236,Flint
2237,MI
2238,You
2239,Well
2240,No
2241,Supposedly
2242,Well
2243,Hollywood
2244,So
2245,Today
2246,They
2247,Not
2248,"Hi,"
2249,Why
2250,This
2251,This
2252,Where
2253,This
2254,Over
2255,Oh
2256,Why
2257,How
2258,This
2259,We
2260,Someone
2261,This
2262,They
2263,Strombolo's
2264,He
2265,Hollywood
2266,You
2267,The
2268,South
2269,They've
2270,The
2271,Myanmar.
2272,The
2273,United
2274,Nation's
2275,Burmese
2276,Three
2277,One
2278,This
2279,Let's
2280,Donald
2281,Trump.
2282,TV.
2283,"Guys,"
2284,This
2285,Please
2286,This
2287,This
2288,The
2289,We
2290,"Now,"
2291,Hey
2292,She
2293,This
2294,Her
2295,This
2296,Now
2297,Please
2298,People
2299,Please
2300,Countries
2301,Did
2302,Vietnam?
2303,The
2304,Being
2305,Muslims
2306,Michael
2307,Buble's
2308,This
2309,My
2310,God
2311,The
2312,Did
2313,Pizza
2314,China
2315,He
2316,China
2317,The
2318,Somali
2319,Donald
2320,Trump
2321,The
2322,United
2323,States
2324,They
2325,There
2326,The
2327,We
2328,The
2329,University
2330,Only
2331,This
2332,Kisii
2333,Many
2334,The
2335,He
2336,Kenyans
2337,NCA
2338,The
2339,Rhinos
2340,They
2341,"However,"
2342,The
2343,Only
2344,This
2345,There
2346,Rhino
2347,"Orphanage,"
2348,They
2349,Thula
2350,The
2351,The
2352,This
2353,Something
2354,People
2355,People
2356,We
2357,Hughes
2358,Muslim
2359,Might
2360,This
2361,My
2362,One
2363,"Ugh,"
2364,They
2365,Police
2366,We
2367,What
2368,Such
2369,How
2370,Their
2371,"Gosh,"
2372,Being
2373,How
2374,There
2375,"Granted,"
2376,"Gosh,"
2377,"However,"
2378,Wild
2379,Horse
2380,Management
2381,Group
2382,Wild
2383,Horse
2384,Preservation
2385,"Wow,"
2386,Supreme
2387,Court
2388,There
2389,There
2390,Syria
2391,There
2392,Middle
2393,Donald
2394,Trump
2395,Hitler.
2396,He
2397,"Obama,"
2398,Jordanian
2399,What
2400,"Wow,"
2401,There
2402,Due
2403,You
2404,That
2405,Here
2406,Donald
2407,Trump
2408,This
2409,"Comey,"
2410,"Clintons,"
2411,US
2412,US
2413,U.S.
2414,UK?
2415,This
2416,Maybe
2417,This
2418,"Mayweather,"
2419,"Besides,"
2420,Mayweather
2421,Thank
2422,PresdientTrump
2423,DACA
2424,These
2425,US
2426,DACA
2427,Liberals
2428,Hillary
2429,Kardashian
2430,Sherawat.
2431,"Hollywood,"
2432,Obama
2433,Hillary
2434,But
2435,We
2436,Christian
2437,There
2438,This
2439,Thinking
2440,Death
2441,We
2442,They
2443,White
2444,We
2445,There
2446,Death
2447,There
2448,Only
2449,The
2450,There
2451,By
2452,The
2453,This
2454,They
2455,The
2456,Kylie
2457,Jenner
2458,She
2459,Mexico.
2460,Mexico
2461,How
2462,This
2463,Big
2464,More
2465,"However,"
2466,People
2467,But
2468,Mikhail
2469,Lesin
2470,The
2471,"Now,"
2472,You
2473,What
2474,Mexico.
2475,We
2476,But
2477,NAFTA
2478,Trade
2479,Trump
2480,Mexico
2481,Thats
2482,Jakarta.
2483,People
2484,The
2485,Labradors
2486,He
2487,Thank
2488,God
2489,Maybe
2490,Human
2491,Some
2492,They
2493,They
2494,The
2495,Putting
2496,Ha
2497,With
2498,Live
2499,Those
2500,Like
2501,Every
2502,Not
2503,They
2504,Getting
2505,Many
2506,Getting
2507,Did
2508,There
2509,This
2510,US
2511,"Hey,"
2512,WV.
2513,That
2514,Such
2515,So
2516,Remembering
2517,Do
2518,Such
2519,People
2520,So
2521,Vera.
2522,She
2523,That
2524,Some
2525,West.
2526,Nevada
2527,"Nevadians,"
2528,Native
2529,With
2530,Who
2531,Such
2532,The
2533,Things
2534,Things
2535,The
2536,They
2537,This
2538,There
2539,Maybe
2540,U.S.
2541,Jordan
2542,There
2543,U.S.
2544,Jordan
2545,Friday
2546,They
2547,Jordan
2548,Syrian
2549,Jordan
2550,U.S.
2551,God
2552,U.N.
2553,Mosul
2554,The
2555,They
2556,This
2557,Kevin
2558,"Meaney,"
2559,Mr.
2560,Meaney
2561,CBS
2562,"Buck,"""
2563,Night
2564,Live.
2565,He
2566,Johnny
2567,So
2568,They
2569,"Meranti’,"
2570,Wednesday.
2571,There
2572,The
2573,China
2574,What
2575,China.
2576,Could
2577,The
2578,University
2579,Copenhagen
2580,The
2581,The
2582,One
2583,Hopefully
2584,Just
2585,Pretty
2586,Man
2587,"Colatina,"
2588,Brazil.
2589,The
2590,Brazil
2591,Now
2592,That
2593,Understandable
2594,My
2595,Man
2596,Why
2597,Why
2598,Why
2599,Totally
2600,There
2601,This
2602,This
2603,This
2604,Over
2605,One
2606,That
2607,Could
2608,That's
2609,Yeah
2610,Over
2611,There
2612,There
2613,SO
2614,Have
2615,Over
2616,This
2617,The
2618,Muslim
2619,Maybe
2620,What
2621,The
2622,But
2623,There
2624,When
2625,But
2626,How
2627,That
2628,That
2629,That
2630,These
2631,Wells
2632,Fargo
2633,Sometimes
2634,Now
2635,Management
2636,So
2637,Then
2638,Hey
2639,Coffee
2640,Killer?
2641,Pretty
2642,US.
2643,They
2644,Mosul.
2645,This
2646,Yeah
2647,Editor
2648,Elle
2649,What
2650,They
2651,To
2652,Very
2653,The
2654,So
2655,Heathrow
2656,London
2657,This
2658,These
2659,Why
2660,What
2661,What
2662,My
2663,Moldovan
2664,What
2665,What
2666,My
2667,What
2668,What
2669,My
2670,My
2671,This
2672,While
2673,Trump
2674,Just
2675,This
2676,Do
2677,"However,"
2678,"However,"
2679,While
2680,Haiti.
2681,That's
2682,Haiti
2683,Haiti.
2684,"Now,"
2685,Obama
2686,Mosul.
2687,What
2688,Do
2689,What
2690,Middle
2691,Enough
2692,Enough
2693,Corporations
2694,They
2695,Someone
2696,CEOs
2697,"Seriously,"
2698,CEO
2699,The
2700,His
2701,His
2702,What
2703,These
2704,Trump
2705,Polls
2706,Trump
2707,They
2708,People
2709,There
2710,Trump
2711,What
2712,Sometimes
2713,You
2714,You
2715,For
2716,You
2717,Do
2718,But
2719,Why
2720,The
2721,Why
2722,"Yes,"
2723,You
2724,What
2725,Liberal
2726,What
2727,"Mexican,"
2728,Mexicans
2729,Mexico
2730,Mexico
2731,Fuck
2732,"Mexico,"
2733,Quit
2734,Mexico.
2735,Hold
2736,There
2737,More
2738,This
2739,This
2740,Trump
2741,Today
2742,Wells
2743,Fargo
2744,The
2745,Mental
2746,Employees
2747,Yet
2748,This
2749,There
2750,These
2751,Men
2752,Colonialism
2753,We
2754,We
2755,"US,"
2756,Muslim
2757,This
2758,This
2759,Makes
2760,Despite
2761,Before
2762,Native
2763,"Blacks,"
2764,Muslims.
2765,Human
2766,This
2767,The
2768,There
2769,This
2770,What
2771,Maybe
2772,We
2773,We
2774,How
2775,Of
2776,Native
2777,These
2778,Who
2779,No
2780,So
2781,This
2782,We
2783,Fernandez
2784,That
2785,Marlins.
2786,Braves
2787,Nobody
2788,"Wow,"
2789,Keith
2790,My
2791,No
2792,This
2793,The
2794,They
2795,Makes
2796,Obama
2797,Numerous
2798,The
2799,The
2800,The
2801,University
2802,Queensland
2803,They’ve
2804,Dr.
2805,James
2806,University
2807,Queensland
2808,Without
2809,Dr.
2810,The
2811,University
2812,Queensland
2813,They’ve
2814,Dr.
2815,James
2816,University
2817,Queensland
2818,Without
2819,Dr.
2820,To
2821,North
2822,North
2823,Nort
2824,The
2825,Year's
2826,Strongest
2827,Storm
2828,Sweeps
2829,Typhoon
2830,Meranti
2831,"Wednesday,"
2832,Meranti
2833,The
2834,Trains
2835,"Wednesday,"
2836,She
2837,Little
2838,Bindi
2839,Bindi
2840,Of
2841,They're
2842,Just
2843,Wow…
2844,Yet
2845,But
2846,Let’s
2847,"Still,"
2848,But
2849,They
2850,"Hey,"
2851,Billie
2852,Thorton
2853,Jolie
2854,He
2855,He
2856,Maybe
2857,The
2858,Haiti.
2859,Doctors
2860,They
2861,Mexico
2862,President
2863,Donald
2864,Trump.
2865,Their
2866,Pesos
2867,Trump
2868,The
2869,Mexican
2870,President.
2871,Their
2872,U.S.
2873,Spain
2874,The
2875,People
2876,President
2877,Trumps
2878,He
2879,"Treaty,"
2880,Coal
2881,This
2882,Kyoto
2883,"Hey,"
2884,One
2885,Remember
2886,"Hey,"
2887,Measles
2888,The
2889,Boko
2890,Haram
2891,God
2892,USA!
2893,"Hey,"
2894,Josh
2895,World
2896,The
2897,We
2898,"Hey,"
2899,Josh
2900,These
2901,What
2902,Maybe
2903,"Josh,"
2904,France
2905,Syria
2906,The
2907,Syria
2908,But
2909,The
2910,Perfect
2911,Wow.
2912,That
2913,Must
2914,Money
2915,He
2916,Oh
2917,They
2918,Ew.
2919,But....
2920,One
2921,That
2922,Pretty
2923,Donald
2924,Company
2925,Black
2926,That
2927,Did
2928,The
2929,The
2930,The
2931,Where?????
2932,Did
2933,Did
2934,Sooooo
2935,Has
2936,Wow.
2937,Here
2938,Tennessee
2939,Many
2940,Many
2941,They
2942,Things
2943,Refugees
2944,European
2945,So
2946,"Wow,"
2947,Venezuela
2948,But
2949,Even
2950,US
2951,Venezuela
2952,The
2953,"Cuba,"
2954,Just
2955,Kim
2956,Kardashian
2957,Pretty
2958,There
2959,The
2960,Facebook
2961,Flint
2962,Michigan
2963,While
2964,Methany
2965,Tract
2966,But
2967,Currently
2968,Methany
2969,Tract
2970,Just
2971,Trump's
2972,Trump
2973,Trump's
2974,He
2975,The
2976,Russia's
2977,Trump's
2978,You
2979,How
2980,Did
2981,How
2982,Trump
2983,There
2984,To
2985,Give
2986,Maybe
2987,To
2988,Why
2989,These
2990,There
2991,D.C.
2992,They
2993,Red
2994,Cross
2995,Native
2996,The
2997,Police
2998,Those
2999,The
3000,GOP
3001,Republican
3002,This
3003,Huckleberry
3004,How
3005,This
3006,Montana.
3007,Center
3008,Biological
3009,Diversity
3010,He
3011,Celsius
3012,More
3013,Every
3014,Christians
3015,Mosul
3016,This
3017,"Churches,"
3018,Many
3019,"However,"
3020,We
3021,Some
3022,Shannen
3023,Doherty
3024,The
3025,The
3026,Some
3027,National
3028,Geographic
3029,You
3030,She's
3031,They
3032,They
3033,They
3034,She
3035,Floyd
3036,Mayweather
3037,He
3038,People
3039,There
3040,Did
3041,The
3042,The
3043,Were
3044,Poor
3045,They
3046,They
3047,This
3048,How
3049,First
3050,What
3051,Why
3052,He
3053,Could
3054,This
3055,Unless
3056,They're
3057,They're
3058,There
3059,They
3060,We
3061,They
3062,Those
3063,Hopefully
3064,What
3065,Nicholas
3066,Thankfully
3067,Nicholas
3068,Hey
3069,They
3070,We
3071,These
3072,They
3073,He's
3074,They'll
3075,Poor
3076,He
3077,His
3078,The
3079,They
3080,There
3081,Even
3082,Hi
3083,Oil
3084,WILL
3085,"So,"
3086,The
3087,Maybe
3088,This
3089,This
3090,Such
3091,"Ugh,"
3092,This
3093,This
3094,Firefighters
3095,This
3096,This
3097,Hey
3098,"D,"
3099,"Love,"
3100,This
3101,Venezuelan
3102,Wouldn't
3103,You
3104,This
3105,Of
3106,WE
3107,The
3108,Definitely
3109,Hey
3110,"Jax,"
3111,Let
3112,Jackie
3113,Nino
3114,"However,"
3115,CO2
3116,We
3117,"Jeez,"
3118,But
3119,Much
3120,Not
3121,Trump's
3122,We
3123,Then
3124,Plus
3125,Who
3126,Our
3127,But
3128,Perspective
3129,U.S.
3130,Jordan.
3131,This
3132,You
3133,From
3134,The
3135,They
3136,What
3137,Do
3138,Not
3139,They
3140,God
3141,Ethiopia.
3142,This
3143,Many
3144,The
3145,The
3146,Here
3147,Chile.
3148,Fortunately
3149,Had
3150,This
3151,Remember
3152,That
3153,Not
3154,One
3155,Thank
3156,God
3157,That
3158,Bolivia.
3159,The
3160,The
3161,This
3162,They
3163,Even
3164,Reading
3165,Wolves
3166,Police
3167,They
3168,Trump
3169,People
3170,Things
3171,Forming
3172,The
3173,"Hello,"
3174,Remember
3175,Haiti?
3176,Chicago
3177,CUBS
3178,"Haiti,"
3179,Hey
3180,Trump.
3181,You
3182,"Trump,"
3183,That
3184,Hey
3185,Some
3186,Things
3187,Yemen.
3188,United
3189,States
3190,Yemen.
3191,Things
3192,"Yemen,"
3193,Trump
3194,But
3195,They
3196,"Guys,"
3197,"Wow,"
3198,On
3199,Trump
3200,Let's
3201,November
3202,Poor
3203,You
3204,Humans
3205,This
3206,They
3207,The
3208,But
3209,Until
3210,Yemen.
3211,Haiti
3212,Hurricane
3213,Matthew
3214,The
3215,There
3216,There
3217,Haiti
3218,My
3219,Haiti.
3220,Haiti
3221,"Chicago,"
3222,This
3223,This
3224,Children
3225,The
3226,State
3227,U.S.
3228,Mosul.
3229,This
3230,U.S.
3231,Russian
3232,Mediterranean
3233,Sea
3234,The
3235,Many
3236,Russian
3237,Syria
3238,Russia's
3239,Syrian
3240,Many
3241,Britains
3242,Russian
3243,British
3244,But
3245,Russia
3246,Texas
3247,The
3248,She
3249,She
3250,The
3251,"Houston,"
3252,Texas.
3253,"Hey,"
3254,They
3255,That
3256,The
3257,This
3258,You
3259,Hey
3260,"B,"
3261,The
3262,That
3263,The
3264,Hey
3265,"T,"
3266,State
3267,Mosul.
3268,From
3269,Some
3270,They
3271,Though
3272,Hey
3273,From
3274,Her
3275,How
3276,They
3277,Dollar
3278,General
3279,The
3280,The
3281,"Hey,"
3282,We
3283,Well
3284,There
3285,The
3286,WHO
3287,They
3288,Why
3289,There
3290,They
3291,We
3292,This
3293,They
3294,Disney
3295,Coco.
3296,The
3297,Those
3298,They
3299,Their
3300,What
3301,The
3302,The
3303,What
3304,The
3305,These
3306,We
3307,The
3308,Why
3309,But
3310,There
3311,That
3312,This
3313,The
3314,Whether
3315,Over
3316,Charlie
3317,Hedbo
3318,Trump's
3319,SCOTUS
3320,LGBTQ.
3321,WHO
3322,This
3323,Nothing
3324,Trump.
3325,Trump's
3326,Supporting
3327,Lung
3328,Just
3329,You
3330,Mostly
3331,Woopee.
3332,People
3333,We
3334,So
3335,What
3336,They're
3337,This
3338,Britain
3339,France
3340,Turning
3341,The
3342,This
3343,We
3344,There
3345,He
3346,Not
3347,Mostly
3348,Shows
3349,Our
3350,This
3351,We
3352,USA
3353,Voice
3354,The
3355,That
3356,Truly
3357,KNOW
3358,We
3359,So
3360,Because
3361,The
3362,When
3363,"Seriously,"
3364,You're
3365,Prosecute
3366,Charge
3367,Leon
3368,Russell
3369,The
3370,Poor
3371,You
3372,Who
3373,This
3374,You
3375,"Well,"
3376,China
3377,Not
3378,This
3379,"Dhaka,"
3380,You
3381,"UK,"
3382,"UK,"
3383,This
3384,New
3385,The
3386,Transportation
3387,Department
3388,Tuesday.
3389,The
3390,Brampton:
3391,Journalist
3392,"Brampton,"
3393,Elle
3394,"UK,"
3395,Ms
3396,"Brampton,"
3397,Mail
3398,May.
3399,Hastings
3400,Coroners'
3401,Court
3402,March
3403,GP.
3404,Donald
3405,Trump
3406,Kumail
3407,Nanjiani
3408,Thomas
3409,Middleditch
3410,Twitter
3411,Donald
3412,Trump
3413,Los
3414,Nanjiani
3415,Trump.”
3416,His
3417,Hey
3418,That
3419,There
3420,What
3421,Maybe
3422,While
3423,How
3424,Work
3425,Do
3426,Build
3427,How
3428,Those
3429,There
3430,Neo-Nazi
3431,Or
3432,Why
3433,"Southern,"
3434,Who
3435,Why
3436,That
3437,Bus
3438,They
3439,One
3440,They
3441,How
3442,God
3443,OMFG.
3444,Seriously?!
3445,This
3446,Someone
3447,Japanese
3448,Geisha
3449,FFS
3450,Japanese
3451,Japanese
3452,This
3453,NYC.
3454,You
3455,The
3456,"Please,"
3457,Hey
3458,How
3459,Did
3460,What
3461,Throwing
3462,Who
3463,People
3464,Kate
3465,What
3466,But
3467,WITHOUT
3468,Jeeze.
3469,Did
3470,Thank
3471,GOD
3472,This
3473,We've
3474,Firstly
3475,NOT
3476,The
3477,"Secondly,"
3478,Khloe
3479,HATERS
3480,Respect.
3481,Elephants
3482,Maybe
3483,The
3484,Don't
3485,Don't
3486,Let
3487,Did
3488,Malaysian
3489,He
3490,He
3491,Of
3492,The
3493,Trump
3494,Presidents
3495,Today
3496,Don't
3497,Haitians
3498,While
3499,Only
3500,Make
3501,Why
3502,No
3503,People
3504,There
3505,This
3506,"Honestly,"
3507,This
3508,The
3509,Have
3510,Read
3511,This
3512,We
3513,Terribly
3514,Happens
3515,Because
3516,Why
3517,So
3518,To
3519,What
3520,"Frankly,"
3521,So
3522,Though
3523,These
3524,Michael
3525,Douglas
3526,"Kilmer,"
3527,Setting
3528,Terry
3529,Jones
3530,Monty
3531,Python.
3532,So
3533,Human
3534,Gulf
3535,Unbelievable!
3536,He
3537,Just
3538,The
3539,The
3540,May
3541,God
3542,Seems
3543,The
3544,There
3545,Poor
3546,This
3547,He
3548,Sometimes
3549,The
3550,The
3551,He's
3552,Those
3553,This
3554,The
3555,Extinction
3556,"Wow,"
3557,China
3558,Remember
3559,"Oh,"
3560,Probably
3561,Russia.
3562,Russia
3563,Not
3564,Google
3565,Germans.
3566,They
3567,US
3568,Remind
3569,How
3570,Busch
3571,Florida
3572,The
3573,They
3574,National
3575,Wildlife
3576,Refuge
3577,Oregon.
3578,The
3579,Oregon.
3580,They
3581,Yet
3582,Wildlife
3583,Service
3584,Bunch
3585,She's
3586,What's
3587,The
3588,She
3589,Sunday
3590,Clinton
3591,Prince
3592,George’s
3593,County.
3594,People
3595,CO2
3596,That
3597,Not
3598,This
3599,Our
3600,The
3601,United
3602,States
3603,Living
3604,They
3605,Trump
3606,Well
3607,Trump
3608,What
3609,They
3610,This
3611,The
3612,HIV
3613,Mariah
3614,She
3615,Even
3616,What
3617,How
3618,Or
3619,France
3620,Did
3621,German
3622,Will
3623,The
3624,UN
3625,The
3626,State
3627,Mosul
3628,The
3629,There
3630,People
3631,The
3632,No
3633,The
3634,The
3635,Many
3636,SO
3637,Many
3638,What
3639,Some
3640,C-Section
3641,She
3642,She
3643,"Surprisingly,"
3644,Who
3645,She
3646,Go
3647,Better
3648,Many
3649,The
3650,They
3651,There’s
3652,Coconut
3653,Genetic
3654,Resources
3655,Network
3656,COGENT
3657,They
3658,Have
3659,People
3660,Obama
3661,The
3662,Trump
3663,Obama
3664,The
3665,Obama
3666,Obamacare
3667,SS
3668,With
3669,Confused
3670,Hello
3671,Representative
3672,Darrell
3673,Republican
3674,Southern
3675,How
3676,"Hopefully,"
3677,Mercutio
3678,November
3679,"Hello,"
3680,Chartered
3681,Environmental
3682,Health
3683,Kenyan
3684,This
3685,President
3686,Trump
3687,President
3688,Trump
3689,Janis
3690,Nobody
3691,For
3692,Wells
3693,Fargo
3694,This
3695,Not
3696,Other
3697,How
3698,Why
3699,That's
3700,"Benzodiazepines,"
3701,Doctors
3702,Donald
3703,Trump
3704,Why
3705,Why
3706,Donald
3707,He
3708,There
3709,The
3710,God.
3711,We
3712,Put
3713,This
3714,There
3715,So
3716,We
3717,Humans
3718,Work
3719,Some
3720,They
3721,There
3722,So
3723,Not
3724,Theres
3725,Our
3726,People
3727,Everything
3728,Robert
3729,He
3730,You
3731,There
3732,Robert
3733,Robert
3734,Everyones
3735,Robert's.
3736,These
3737,Why
3738,This
3739,Human
3740,God
3741,We
3742,Someone
3743,This
3744,These
3745,There
3746,Whos
3747,That
3748,My
3749,US
3750,Mosul
3751,Mosul
3752,Maybe
3753,While
3754,Or
3755,TV.
3756,Hard
3757,He
3758,Hey
3759,My
3760,Not
3761,We
3762,Dear
3763,Let
3764,Poor
3765,We
3766,The
3767,WE
3768,What
3769,Lenoard
3770,Cohan
3771,This
3772,"Books,"
3773,This
3774,Did
3775,That
3776,Thats
3777,Seems
3778,Having
3779,Gone.
3780,Well
3781,This
3782,Not
3783,What
3784,There's
3785,There
3786,There's
3787,Sometimes
3788,So
3789,"Hey,"
3790,For
3791,Even
3792,Wow!
3793,How
3794,You
3795,Pregnant
3796,The
3797,So
3798,FBI
3799,Their
3800,The
3801,Orlando
3802,FBI
3803,They
3804,With
3805,FBI
3806,Our
3807,"Seriously,"
3808,These
3809,They
3810,These
3811,Did
3812,Halloween
3813,Mississippi
3814,Someone
3815,Several
3816,That
3817,The
3818,Wells
3819,Fargo
3820,Repossessing
3821,Especially
3822,They
3823,The
3824,That
3825,Kirk
3826,How
3827,Than
3828,So
3829,That
3830,They
3831,Great
3832,You
3833,That
3834,"Seriously,"
3835,Ugh.
3836,That's
3837,The
3838,This
3839,The
3840,"Yes,"
3841,No
3842,People
3843,They're
3844,That's
3845,Someone
3846,Trump
3847,Pence
3848,There
3849,The
3850,God
3851,He
3852,CNN
3853,They
3854,People
3855,We
3856,People
3857,People
3858,Don't
3859,These
3860,You
3861,Keisha.
3862,The
3863,She
3864,Of
3865,The
3866,This
3867,There
3868,The
3869,He
3870,He
3871,He
3872,This
3873,Suffering
3874,But
3875,Ending
3876,This
3877,Minister.
3878,Syria
3879,Syrian
3880,There
3881,Cook
3882,His
3883,NATO
3884,This
3885,The
3886,NATO
3887,They
3888,Looks
3889,The
3890,The
3891,Usually
3892,Most
3893,There
3894,Muslims.
3895,Overall
3896,Just
3897,Environmentalism
3898,The
3899,These
3900,China
3901,By
3902,Russia
3903,The
3904,These
3905,The
3906,So
3907,Philadelphia
3908,She
3909,Sounds
3910,German
3911,When
3912,Hey
3913,The
3914,This
3915,While
3916,USA.
3917,This
3918,"Hey,"
3919,Pennsylvania.
3920,The
3921,"Hey,"
3922,Mexico
3923,City
3924,South
3925,They
3926,Those
3927,Hey
3928,Check
3929,"Hey,"
3930,This
3931,The
3932,"Hey,"
3933,Check
3934,PTSD.
3935,Vietnam
3936,Vietnam
3937,With
3938,Even
3939,Libya
3940,October.
3941,"Greece,"
3942,Spain.
3943,That
3944,"Toughie,"
3945,Botanical
3946,"Mandica,"
3947,Toughie
3948,Wikipedia
3949,"Mandica,"
3950,"Foundation,"
3951,Toughie's
3952,Just
3953,Michael
3954,Bublé
3955,Luisana
3956,Lopilato
3957,"Noah,"
3958,Bublé’s
3959,David
3960,Foster
3961,"Michael,"
3962,Everything
3963,Entertainment
3964,Tonight
3965,Bublé
3966,Foster
3967,Bublé.
3968,Though
3969,Bublé
3970,Police
3971,"Hope,"
3972,Crying
3973,Matthew
3974,Nigeria
3975,Boko
3976,Haram
3977,"Yobe,"
3978,"Nigeria,"
3979,"Zulyatu,"
3980,"Biu,"
3981,Nigeria’s
3982,Borno
3983,Zulyatu
3984,This
3985,On
3986,The
3987,Reading
3988,Reading
3989,USA.
3990,This
3991,People
3992,So
3993,Of
3994,"However,"
3995,This
3996,The
3997,We
3998,This
3999,From
4000,Militia
4001,Ohio
4002,Just
4003,This
4004,So
4005,Starbucks
4006,Someone
4007,The
4008,This
4009,This
4010,Boy
4011,First
4012,Your
4013,Then
4014,Man
4015,Now
4016,Just
4017,Even
4018,These
4019,Syria.
4020,On
4021,This
4022,The
4023,Your
4024,Russia
4025,They
4026,Micheal
4027,Moore
4028,Trump
4029,The
4030,But
4031,Voters
4032,Hillary
4033,Trump
4034,Now
4035,Government
4036,Stop
4037,Don't
4038,How
4039,What's
4040,Venezuela
4041,The
4042,These
4043,They
4044,How
4045,No
4046,Looks
4047,Maybe
4048,This
4049,They
4050,Somebody
4051,Things
4052,They
4053,Remember
4054,Flint
4055,The
4056,Oval
4057,We
4058,This
4059,There
4060,House
4061,Russian
4062,He
4063,His
4064,The
4065,The
4066,This
4067,Russia.
4068,The
4069,The
4070,Putin
4071,There
4072,What
4073,Pets
4074,My
4075,There
4076,Hopefully
4077,Blacks
4078,"Well,"
4079,My
4080,Once
4081,President
4082,United
4083,States.
4084,Just
4085,This
4086,When
4087,Seems
4088,That
4089,That
4090,How
4091,Surely
4092,This
4093,The
4094,Comunale
4095,Really?
4096,That's
4097,How
4098,What
4099,How
4100,We
4101,"But,"
4102,This
4103,North
4104,STEM
4105,The
4106,Who
4107,The
4108,Women
4109,That's
4110,Perhaps
4111,Maybe
4112,Perhaps
4113,Having
4114,US
4115,This
4116,The
4117,USA
4118,Tigers
4119,The
4120,There
4121,This
4122,Sometimes
4123,This
4124,The
4125,Besides
4126,Certainly
4127,These
4128,This
4129,How
4130,While
4131,Their
4132,He
4133,The
4134,The
4135,The
4136,Normally
4137,This
4138,How
4139,Wow!
4140,China
4141,SO
4142,Hey!
4143,So
4144,"However,"
4145,LOT
4146,Doesn't
4147,"Ugh,"
4148,The
4149,The
4150,Republican
4151,Trump.
4152,"So,"
4153,New
4154,York
4155,New
4156,Jersey
4157,Sometimes
4158,The
4159,Reading
4160,Donald
4161,Trump
4162,Trumps
4163,You
4164,There
4165,Death
4166,Metal
4167,Sting
4168,The
4169,Death
4170,Metal
4171,He
4172,Fox
4173,One
4174,The
4175,The
4176,Russia
4177,The
4178,That
4179,The
4180,The
4181,Both
4182,Those
4183,Especially
4184,Kids
4185,They
4186,They
4187,On
4188,There
4189,Teachers
4190,This
4191,People
4192,They
4193,This
4194,Going
4195,This
4196,There
4197,This
4198,Normally
4199,So
4200,Herd
4201,Too
4202,Here
4203,Funny
4204,The
4205,The
4206,The
4207,Janet
4208,Reno.
4209,Thought
4210,General.
4211,She
4212,Made
4213,This
4214,Eleanor
4215,Roosevelt
4216,Janet.
4217,So
4218,Here
4219,UK
4220,The
4221,Well
4222,But
4223,Seems
4224,Now
4225,The
4226,Suggest
4227,The
4228,The
4229,Joint
4230,Command
4231,State.
4232,Fighters
4233,"State,"
4234,Mosul
4235,This
4236,Democratic
4237,Hillary
4238,"Clinton,"
4239,"Reno,"
4240,General
4241,"Presidency,"
4242,Janet
4243,Clinton
4244,The
4245,US
4246,This
4247,United
4248,States'
4249,The
4250,The
4251,Trump
4252,"No,"
4253,"No,"
4254,"No,"
4255,Chinese.
4256,So
4257,Lies
4258,This
4259,They
4260,They
4261,We
4262,Next
4263,Trump
4264,Climate
4265,How
4266,Maybe
4267,This
4268,United
4269,States
4270,Terribly
4271,Russians
4272,They
4273,They
4274,This
4275,Russians.
4276,Putin
4277,But
4278,They
4279,God
4280,These
4281,We
4282,Syria
4283,We
4284,Conflict
4285,But
4286,So
4287,The
4288,These
4289,How
4290,Sounds
4291,The
4292,What
4293,Why
4294,The
4295,Small
4296,My
4297,Life
4298,Life
4299,People
4300,There
4301,Governments
4302,Now
4303,South
4304,They
4305,"Well,"
4306,The
4307,"So,"
4308,President
4309,USA)
4310,The
4311,Mexico
4312,President
4313,Trump
4314,"Mexico,"
4315,Mexican
4316,"USA,"
4317,Global
4318,The
4319,The
4320,The
4321,They
4322,Our
4323,We
4324,Trump
4325,We
4326,Why
4327,Why
4328,Did
4329,Before
4330,Flint
4331,Flint
4332,Reading
4333,Especially
4334,Emu
4335,This
4336,Once
4337,How
4338,We
4339,The
4340,Muslims
4341,This
4342,Building
4343,This
4344,The
4345,Women
4346,There
4347,This
4348,Civilians
4349,US
4350,VERY
4351,Some
4352,GMO's.
4353,Grass
4354,EVERYTHING.
4355,REDUCE
4356,POLLUTION
4357,This
4358,Sports
4359,Much
4360,This
4361,Some
4362,However-
4363,My
4364,They
4365,They
4366,No
4367,HAS
4368,However-
4369,Jacob?
4370,There
4371,"US,"
4372,"Yemen,"
4373,This
4374,Mansour.
4375,The
4376,USA
4377,Planes
4378,This
4379,Hello
4380,"Jane,"
4381,Dreamworld
4382,"Queensland,"
4383,They
4384,Dream
4385,CEO
4386,Hello
4387,Myanmarl;
4388,The
4389,Hey
4390,BFF
4391,"Joan,"
4392,"Joseph,"
4393,Do
4394,There
4395,Reykjavik
4396,Sucks
4397,So
4398,There
4399,This
4400,Middle
4401,Religion
4402,For
4403,Because
4404,We
4405,But
4406,"So,"
4407,Prime
4408,Minister
4409,He
4410,There
4411,The
4412,The
4413,Someone
4414,Swiss
4415,We
4416,West
4417,The
4418,China's
4419,This
4420,They
4421,The
4422,They
4423,The
4424,Syria.I
4425,Turkey
4426,How
4427,Obama
4428,God
4429,USA
4430,We
4431,This
4432,These
4433,Poor
4434,That's
4435,This
4436,Houston
4437,Texas
4438,"Well,"
4439,The
4440,Muslims
4441,Council
4442,Relations
4443,Never
4444,Muslim
4445,They
4446,But
4447,Really
4448,Sometimes
4449,What
4450,Sometimes
4451,Sweden.
4452,This
4453,Using
4454,This
4455,Every
4456,This
4457,Generally
4458,Who
4459,They
4460,People
4461,This
4462,While
4463,This
4464,This
4465,Had
4466,This
4467,She
4468,She
4469,Thank
4470,God
4471,The
4472,Venezuela
4473,The
4474,Especially
4475,We
4476,Not
4477,Such
4478,Many
4479,You
4480,Their
4481,You
4482,Make
4483,Not
4484,There
4485,Considering
4486,This
4487,Tinnitus
4488,But
4489,People
4490,You
4491,Public
4492,They
4493,Dear
4494,"C.,"
4495,"Small,"
4496,Dear
4497,"C.,"
4498,Just
4499,"Mike"","
4500,"U.S.,"
4501,"D,"
4502,The
4503,Ke$ha
4504,"Oops,"
4505,"Kesha,"
4506,Her
4507,She
4508,Just
4509,F.
4510,But
4511,The
4512,Possibly
4513,But
4514,Russell
4515,"Crowe,"
4516,They
4517,She
4518,Russell
4519,Maybe
4520,They
4521,That
4522,Religion
4523,Some
4524,Christians
4525,Muslims
4526,This
4527,Christians
4528,That
4529,They
4530,Christians
4531,These
4532,Even
4533,Jewish
4534,Democratic
4535,Republican
4536,There
4537,Everyone
4538,Jewish
4539,People
4540,Financial
4541,Workers
4542,No
4543,Wells
4544,Fargo.
4545,Wells
4546,Fargo.
4547,We
4548,That
4549,Our
4550,Then
4551,Bin
4552,This
4553,Obama.
4554,He
4555,Having
4556,Donald
4557,Trump
4558,Hillary
4559,Clinton
4560,The
4561,There
4562,They
4563,People
4564,Kylie
4565,This
4566,This
4567,We
4568,Government
4569,Once
4570,We
4571,Poaching
4572,Just
4573,Haiti
4574,Relief
4575,But
4576,People
4577,Cholera
4578,These
4579,Somehow
4580,The
4581,Syria
4582,Russia
4583,They
4584,Russia
4585,China
4586,UN.
4587,"Fortunately,"
4588,Human
4589,UN
4590,Leonard
4591,Cohen
4592,Knew
4593,He
4594,His
4595,He
4596,Buddhist
4597,Had
4598,He
4599,Trump
4600,Putin
4601,Syria
4602,Russian
4603,This
4604,Trump
4605,The
4606,Syrian
4607,The
4608,They
4609,For
4610,Doctors
4611,Not
4612,What
4613,There
4614,Two
4615,Pennsylvania.
4616,One
4617,There
4618,Climate
4619,Sudan
4620,The
4621,People's
4622,Seeing
4623,"Well,"
4624,This
4625,There
4626,Maybe
4627,Just
4628,Global
4629,No
4630,That
4631,United
4632,Nations
4633,High
4634,Commissioner
4635,Refugees
4636,The
4637,United
4638,States.
4639,This
4640,"Now,"
4641,U.S.
4642,Donald
4643,Trump’s
4644,The
4645,Technical
4646,United
4647,"States,"
4648,U.S.
4649,Department
4650,Education.
4651,Educational
4652,Services
4653,Tuesday
4654,The
4655,Technical
4656,"Tech,"
4657,Educational
4658,"Services,"
4659,Technical
4660,Kate
4661,Beckinsale
4662,Len
4663,"Wiseman,"
4664,TMZ
4665,Wiseman
4666,His
4667,Kate
4668,They
4669,TMZ
4670,November.
4671,Len
4672,CJ
4673,"Franco,"
4674,Kate
4675,Russia
4676,UN
4677,UN
4678,Monday
4679,Russia
4680,Moscow
4681,UN
4682,Monday
4683,The
4684,Syrian
4685,Russian
4686,Syrian
4687,Red
4688,Crescent
4689,Urem
4690,More
4691,Omar
4692,Pictures
4693,UNHCR
4694,Russia's
4695,Tourist
4696,Dubai
4697,British
4698,Dubai
4699,The
4700,U.K.
4701,But
4702,She
4703,Confederate
4704,Flag.
4705,Confederate
4706,Flag.
4707,However
4708,President's
4709,President
4710,Mr.
4711,Donald
4712,Trump
4713,Confederate
4714,Flag
4715,That
4716,My
4717,Greenhouse
4718,Effect
4719,Those
4720,That
4721,Mother
4722,Nature
4723,"Louisiana,"
4724,However
4725,"Louisiana,"
4726,The
4727,State
4728,Especially
4729,Louisiana
4730,"Yemen,"
4731,Whereby
4732,"Yemen,"
4733,Nevada
4734,Nevada.
4735,Which
4736,"State,"
4737,Verna
4738,"Brady,"
4739,Who
4740,That's
4741,However
4742,Why
4743,She
4744,Obama
4745,NOW
4746,Now...I
4747,Obama
4748,Neither
4749,Trump.
4750,Life
4751,But
4752,How
4753,Maybe
4754,Timeshares
4755,Really...just
4756,Buying
4757,But
4758,We
4759,Put
4760,We
4761,"Hey,"
4762,Just
4763,Since
4764,The
4765,The
4766,They
4767,This
4768,The
4769,What
4770,Trump
4771,Silicon
4772,Silicon
4773,Did
4774,Yementi?
4775,Forty
4776,The
4777,This
4778,Since
4779,Did
4780,Egypt?
4781,Unfortunately
4782,So
4783,There
4784,Joe
4785,Diana
4786,Duckworth
4787,What
4788,They
4789,"Wow,"
4790,Mallika
4791,Sherawat
4792,France?
4793,She
4794,That
4795,So
4796,She
4797,"Clinton,"
4798,Obama
4799,Trump.
4800,This
4801,They
4802,The
4803,This
4804,The
4805,North
4806,Korea
4807,Hopefully
4808,Germany
4809,US)
4810,However
4811,US/European
4812,The
4813,US
4814,How
4815,SS
4816,WWII-
4817,Yet
4818,Hello
4819,Friend.
4820,How
4821,How
4822,We
4823,Of
4824,"Philadelphia,"
4825,One
4826,The
4827,Hello
4828,Friend.
4829,Now
4830,United
4831,States
4832,The
4833,Here
4834,This
4835,November
4836,Hello
4837,They
4838,Some
4839,The
4840,Bernardo
4841,Teixeira.
4842,Now
4843,Royal
4844,The
4845,Hello
4846,Friend
4847,How
4848,President
4849,Ruisa
4850,Syria.
4851,They
4852,Syria
4853,"Syria,"
4854,President
4855,Russia
4856,Syria.
4857,Many
4858,"Hello,"
4859,Let's
4860,Hopefully
4861,Darrell
4862,"Trump"""
4863,To
4864,Republican
4865,First
4866,Trump
4867,Hollywood
4868,For
4869,Mr.
4870,He
4871,Trump
4872,This
4873,This
4874,Trump
4875,Muslim
4876,When
4877,Surly
4878,This
4879,He
4880,The
4881,Claiming
4882,The
4883,Russians
4884,United
4885,States.
4886,There
4887,This
4888,Russia
4889,NATO
4890,The
4891,The
4892,The
4893,The
4894,Syria
4895,There
4896,The
4897,The
4898,Syria.
4899,So
4900,President
4901,Trump
4902,Hitler.
4903,The
4904,Donald
4905,Trump
4906,Jews
4907,Typical
4908,Democrat
4909,Teachers
4910,While
4911,But
4912,So
4913,Why
4914,Mental
4915,With
4916,But
4917,Prince
4918,Georges
4919,"County,"
4920,Clinton.
4921,Maryland
4922,DC
4923,Man
4924,Just
4925,Feel
4926,"Hey,"
4927,New
4928,York
4929,The
4930,Just
4931,She
4932,Feel
4933,Very
4934,Very
4935,Black
4936,Trump
4937,This
4938,Gun
4939,This
4940,He
4941,He
4942,He
4943,Venezuela
4944,United
4945,States
4946,"Chavez,"
4947,The
4948,Japanese
4949,There
4950,The
4951,United
4952,States
4953,Perhaps
4954,Terrorism
4955,No
4956,She
4957,Government.
4958,"So,"
4959,Police
4960,The
4961,Police
4962,First
4963,This
4964,She
4965,This
4966,"So,"
4967,Girl
4968,This
4969,Government.
4970,The
4971,"So,"
4972,The
4973,"So,"
4974,The
4975,"So,"
4976,The
4977,"So,"
4978,The
4979,"So,"
4980,The
4981,Philadelphia
4982,The
4983,The
4984,Philadelphia
4985,The
4986,The
4987,This
4988,The
4989,Their
4990,The
4991,This
4992,Even
4993,The
4994,The
4995,Then
4996,What
4997,"Yes,"
4998,NOT.
4999,Just
5000,Life
5001,Your
5002,What
5003,Poverty
5004,Some
5005,When
5006,Look
5007,Brazil
5008,What
5009,You
5010,That
5011,What
5012,Nature
5013,Today
5014,Try
5015,What
5016,Obesity
5017,Some
5018,But
5019,Obesity
5020,This
5021,Burma’s
5022,They
5023,They
5024,Someone
5025,The
5026,United
5027,States
5028,UN
5029,We
5030,There
5031,People
5032,Trump
5033,People
5034,People
5035,Drunk
5036,He
5037,Life
5038,Republicans.
5039,They
5040,They
5041,They
5042,The
5043,Democrats
5044,Nevada
5045,They
5046,They
5047,They
5048,Maybe
5049,The
5050,People
5051,Big
5052,We
5053,On
5054,Global
5055,Sometimes
5056,People
5057,We
5058,Our
5059,White
5060,They
5061,United
5062,States
5063,This
5064,Their
5065,But
5066,Powerful
5067,Some
5068,This
5069,Veterans
5070,They
5071,Most
5072,This
5073,Some
5074,"USA,"
5075,US
5076,Thinking
5077,When
5078,The
5079,Flint
5080,Chicago
5081,US.
5082,New
5083,This
5084,Too
5085,Other
5086,You
5087,We
5088,The
5089,No
5090,She
5091,There
5092,The
5093,Thinking
5094,This
5095,Shows
5096,Something
5097,Feeling
5098,Even
5099,Just
5100,Do
5101,Understand
5102,That
5103,Have
5104,Contracting
5105,This
5106,Out
5107,Why
5108,Trump
5109,Trump
5110,How
5111,This
5112,That
5113,For
5114,Because
5115,What
5116,This
5117,These
5118,So
5119,There
5120,That's
5121,There.
5122,This
5123,These
5124,Please
5125,We
5126,Wow
5127,More
5128,That
5129,So
5130,Do
5131,Do
5132,Trump
5133,Don't
5134,He's
5135,Kicking
5136,Screw
5137,"Personally,"
5138,Please
5139,The
5140,The
5141,What
5142,Maybe
5143,Do
5144,Hey
5145,They
5146,We
5147,The
5148,US
5149,Hey
5150,The
5151,Women
5152,This
5153,How
5154,What
5155,GBR
5156,The
5157,That
5158,The
5159,GBR
5160,We
5161,Hey
5162,What
5163,The
5164,The
5165,You
5166,Syria
5167,Middle
5168,Countries
5169,The
5170,With
5171,This
5172,"Haiti,"
5173,Millions
5174,Leonard
5175,Cohen
5176,He
5177,He
5178,So
5179,Corals
5180,Great
5181,Reef.
5182,Factors
5183,Global
5184,Humans
5185,Great
5186,Reef
5187,That's
5188,Maybe
5189,My
5190,We
5191,We
5192,There
5193,Most
5194,There
5195,They
5196,These
5197,That
5198,This
5199,Even
5200,"So,"
5201,"Yeah,"
5202,He
5203,He
5204,What
5205,The
5206,There
5207,"Thailand,"
5208,The
5209,There
5210,The
5211,"Thailand,"
5212,They
5213,"TV,"
5214,People
5215,This
5216,He
5217,They
5218,But
5219,Kashmir
5220,She
5221,These
5222,Kashmir
5223,He
5224,They
5225,Yemen
5226,Have
5227,Nazi
5228,Germany
5229,Nobody
5230,Did
5231,Republicans
5232,U.S.
5233,Southern
5234,Strategy
5235,This
5236,When
5237,Poor
5238,My
5239,This
5240,We
5241,Poor
5242,South
5243,Farm
5244,Words
5245,There
5246,How
5247,My
5248,But
5249,P.S.
5250,Since
5251,Netwerk24
5252,The
5253,Two
5254,My
5255,That
5256,Older
5257,My
5258,Eventually
5259,The
5260,They
5261,Before
5262,"Now,"
5263,When
5264,Prior
5265,One
5266,Gil
5267,His
5268,Society
5269,We
5270,How
5271,Technology
5272,No
5273,"Secondly,"
5274,Not
5275,Both
5276,Does
5277,You
5278,What
5279,Nothing
5280,So
5281,Does
5282,Will
5283,When
5284,We
5285,Nothing
5286,Middle
5287,We
5288,Might
5289,The
5290,The
5291,Prisons
5292,We
5293,Did
5294,That's
5295,There
5296,The
5297,We
5298,This
5299,This
5300,Kisii.
5301,There's
5302,This
5303,The
5304,Experts
5305,This
5306,Could
5307,Such
5308,North
5309,Dakota.
5310,The
5311,The
5312,Native
5313,Being
5314,They
5315,This
5316,The
5317,The
5318,North
5319,Dakota
5320,There's
5321,They
5322,This
5323,The
5324,Syria
5325,Some
5326,There
5327,Hardly
5328,These
5329,They
5330,Syria
5331,Too
5332,These
5333,Everything
5334,Syria.
5335,They
5336,They
5337,Plus
5338,This
5339,How
5340,That
5341,They
5342,So
5343,They
5344,They
5345,They
5346,The
5347,You
5348,Oklahoma
5349,They
5350,People
5351,But
5352,So
5353,"Hey,"
5354,They
5355,Which
5356,But
5357,They
5358,That
5359,They
5360,That
5361,Sometimes
5362,There
5363,Maybe
5364,The
5365,There
5366,Unfortunately
5367,There
5368,Orlando
5369,More
5370,The
5371,"Starbucks,"
5372,This
5373,PRIME
5374,Sure
5375,Should
5376,Like
5377,The
5378,"Yes,"
5379,Maybe
5380,The
5381,The
5382,Those
5383,Just
5384,You
5385,TV
5386,The
5387,Forces
5388,But
5389,We
5390,The
5391,Sunni
5392,Muslim
5393,That
5394,Shiite
5395,Shiite
5396,The
5397,U.N.
5398,More
5399,United
5400,Nations.
5401,This
5402,"Food,"
5403,Brazil
5404,"COLATINA,"
5405,Brazil
5406,One
5407,Brazil’s
5408,Upward
5409,Nov.
5410,Nineteen
5411,New
5412,York
5413,City’s
5414,Central
5415,"Food,"
5416,Brazil
5417,"COLATINA,"
5418,Brazil
5419,One
5420,Brazil’s
5421,Upward
5422,Nov.
5423,Nineteen
5424,New
5425,York
5426,City’s
5427,Central
5428,More
5429,JAMA
5430,Pediatrics
5431,Oct.
5432,Researchers
5433,School
5434,Medicine
5435,Kids’
5436,Database
5437,U.S.
5438,The
5439,What's
5440,Possibly
5441,OxyContin
5442,Vicodin.
5443,Research
5444,Video
5445,Shows
5446,Cop
5447,Punching
5448,Woman
5449,The
5450,"Face,"
5451,But
5452,She’s
5453,The
5454,One
5455,For
5456,"Flagstaff,"
5457,Wednesday
5458,The
5459,Facebook
5460,"Wednesday,"
5461,She
5462,"Suddenly,"
5463,See.
5464,This
5465,Just
5466,Member
5467,States
5468,"Europe,"
5469,"WHO,"
5470,Hidden
5471,For
5472,"Google,"
5473,Facebook
5474,YouTube
5475,"Meanwhile,"
5476,"Hello,"
5477,Russel
5478,She
5479,Russell's
5480,"Hello,"
5481,Yu's
5482,Douglas
5483,Michael
5484,"Wow,"
5485,"Wow,"
5486,This
5487,Just
5488,Russia
5489,Poland
5490,Columbia.
5491,Virus
5492,Giving
5493,Lmao
5494,This
5495,Us
5496,Details
5497,Wells
5498,Fargo
5499,For
5500,This
5501,Trump
5502,"US,"
5503,Plus
5504,This
5505,Kardashian
5506,West
5507,So
5508,Mexico
5509,Haiti.
5510,The
5511,The
5512,Being
5513,That's
5514,Mexican
5515,This
5516,President
5517,Trump
5518,Seems
5519,Very
5520,"Flint,"
5521,Michigan
5522,Data
5523,Lockets
5524,"Dang,"
5525,People
5526,"Now,"
5527,"God,"
5528,Brangelina
5529,This
5530,"First,"
5531,Number
5532,See?
5533,This
5534,Shootings
5535,Hundreds
5536,Why
5537,Why
5538,This
5539,"Like,"
5540,You
5541,Stuff
5542,Of
5543,So
5544,Heck
5545,People
5546,They
5547,Gun
5548,Despite
5549,Even
5550,This
5551,You
5552,How
5553,How
5554,Between
5555,The
5556,Factory
5557,Wildfires
5558,North
5559,South
5560,Despite
5561,Thee
5562,The
5563,Delhi
5564,This
5565,This
5566,There
5567,This
5568,The
5569,Robert
5570,He
5571,He
5572,Even
5573,Donald
5574,Trumps
5575,They
5576,Something
5577,The
5578,There
5579,The
5580,The
5581,One
5582,The
5583,Hate
5584,People
5585,"Moldovan,"
5586,They
5587,They
5588,The
5589,The
5590,Hi
5591,They
5592,What
5593,Guys
5594,These
5595,Like
5596,This
5597,He
5598,Wishing
5599,Wow.
5600,So
5601,US
5602,Why
5603,"Minnesota,"
5604,The
5605,Somali
5606,Minnesota
5607,"Tragically,"
5608,Somali
5609,He
5610,He
5611,George
5612,That
5613,The
5614,Scottie
5615,Pippen.
5616,Someone
5617,The
5618,His
5619,She
5620,While
5621,National
5622,Recreation
5623,Exessive
5624,Protective
5625,There
5626,Combating
5627,When
5628,Hussein
5629,First
5630,Gulf
5631,Second
5632,THese
5633,We
5634,But
5635,Thats
5636,Maybe
5637,But
5638,Hey!
5639,Did
5640,There
5641,Some
5642,"Hey,"
5643,Have
5644,There's
5645,Everything
5646,Make
5647,Of
5648,Florida!
5649,We
5650,What
5651,What
5652,Pretty
5653,Hi!
5654,What
5655,Wonder
5656,We
5657,"Hey,"
5658,Lots
5659,PETA
5660,Maybe
5661,Hey.
5662,Somali
5663,Having
5664,Reading
5665,We
5666,To
5667,This
5668,But
5669,Thinking
5670,The
5671,Maybe
5672,To
5673,But
5674,There
5675,By
5676,Did
5677,Obviously
5678,Supposedly
5679,Georgia
5680,The
5681,What
5682,Supposedly
5683,Ethiopia
5684,From
5685,Whats
5686,Sometimes
5687,By
5688,What
5689,Guantanamo
5690,Should
5691,From
5692,One
5693,Some
5694,Guantanamo
5695,The
5696,Middle
5697,Even
5698,One
5699,These
5700,The
5701,Republican
5702,"Yes,"
5703,"Turkey,"
5704,Knowing
5705,Four
5706,Strip
5707,First
5708,Less
5709,The
5710,Hamas
5711,They
5712,Let
5713,To
5714,God
5715,Mosul
5716,May
5717,May
5718,US
5719,We’ve
5720,Kutcher’s
5721,We
5722,Burma
5723,Everything
5724,My
5725,What’s
5726,How
5727,Since
5728,Just
5729,"Hopefully,"
5730,How
5731,Who
5732,The
5733,The
5734,They
5735,Trump
5736,This
5737,Trump
5738,Just
5739,Most
5740,Trump
5741,Big
5742,We've
5743,Syria
5744,We
5745,We
5746,We
5747,To
5748,Be
5749,Judging
5750,They
5751,They
5752,These
5753,They
5754,"Hey,"
5755,Turtles
5756,The
5757,Global
5758,More
5759,Turtles
5760,Shelled
5761,We
5762,These
5763,How
5764,We
5765,What
5766,Wow..
5767,Delicia
5768,Soft
5769,Sheen
5770,Optimum
5771,Legend
5772,No
5773,"Mix,"
5774,No
5775,Lye
5776,Relaxer.
5777,She
5778,"Burns,"
5779,Do
5780,The
5781,Be
5782,Brace
5783,Wow..
5784,You
5785,There
5786,Gold
5787,Coast
5788,People
5789,This
5790,The
5791,The
5792,Makes
5793,Hatians
5794,Brazil
5795,This
5796,They
5797,When
5798,Because
5799,That
5800,Chemical
5801,Weapons
5802,What
5803,Especially
5804,This
5805,Regardless
5806,US.
5807,People
5808,People
5809,We
5810,President
5811,Trump
5812,Being
5813,Country
5814,How
5815,Climate
5816,Change
5817,How
5818,What
5819,Summer?
5820,Well's
5821,Fargo.
5822,Did
5823,"Well,"
5824,So
5825,Maybe
5826,Since
5827,You
5828,The
5829,When
5830,You
5831,There's
5832,Bible.
5833,When
5834,This
5835,People
5836,How
5837,Jenners
5838,Kardashians.
5839,But
5840,Dream!
5841,THey
5842,The
5843,Russia.
5844,How
5845,Syria
5846,OK
5847,Russia
5848,What
5849,That
5850,They
5851,This
5852,There
5853,This
5854,Why
5855,Maybe
5856,The
5857,There
5858,The
5859,Mexican
5860,Maybe
5861,We
5862,Maybe
5863,Now
5864,This
5865,Please
5866,Now
5867,This
5868,Please
5869,France
5870,Dismantles
5871,Jungle'
5872,"France,"
5873,"England,"
5874,French
5875,The
5876,Middle
5877,Jungle”
5878,France.
5879,Some
5880,The
5881,Michael
5882,Moore
5883,Democrats:
5884,Trump
5885,On
5886,"Wednesday,"
5887,Michael
5888,Moore
5889,To-Do
5890,"List"""
5891,Democrats
5892,Thursday
5893,Moore
5894,Democrats
5895,Democratic
5896,Congress
5897,Hillary
5898,Clinton
5899,His
5900,No.
5901,Democrats
5902,Lydia
5903,"Jones,"
5904,"Cymru,"
5905,Friday
5906,Mr.
5907,Jones’s
5908,Primary
5909,Mayo
5910,Clinic.
5911,Symptoms
5912,The
5913,BBC
5914,Britain’sNational
5915,Press
5916,The
5917,Mr.
5918,Jones’s
5919,Monty
5920,Python
5921,"Friday,"
5922,Eric
5923,British
5924,Mr.
5925,Boko
5926,Haram
5927,But
5928,"Nigeria,"
5929,We
5930,Nigerian
5931,Mercy
5932,Corps
5933,Michael
5934,"Mu’azu,"
5935,Even
5936,This
5937,Move?
5938,Work
5939,Turn
5940,Thinking
5941,There
5942,Those
5943,Humans
5944,The
5945,Diplomacy
5946,Hey
5947,Millenials
5948,People
5949,Not
5950,They
5951,The
5952,Their
5953,But
5954,Syria
5955,Middle
5956,The
5957,United
5958,States
5959,Middle
5960,President
5961,Obama
5962,He
5963,The
5964,The
5965,The
5966,So
5967,This
5968,They
5969,This
5970,There
5971,This
5972,There
5973,This
5974,Whenever
5975,You
5976,We
5977,There
5978,Some
5979,The
5980,Venezuela
5981,The
5982,Zoo
5983,Elephant
5984,Mosul
5985,Government
5986,The
5987,The
5988,Mosul
5989,Pro-government
5990,Mosul
5991,The
5992,Rhino
5993,There
5994,"Hope,"
5995,STS’s
5996,Creating
5997,Hope
5998,Hurt.
5999,Rhino
6000,Horn
6001,Trade
6002,UW-Madison
6003,University
6004,Wisconsin
6005,How
6006,Ugh!
6007,Stupid
6008,My
6009,Those
6010,The
6011,Could
6012,The
6013,There
6014,Then
6015,So
6016,Live
6017,Donald
6018,Trump
6019,With
6020,Children
6021,You
6022,Well
6023,Mayor
6024,Yes
6025,He
6026,Stupidity
6027,Yeah
6028,Luckily
6029,There
6030,China.
6031,He
6032,What
6033,Maybe
6034,Kesha
6035,The
6036,People
6037,Hillary
6038,Clinton....which
6039,"Trump,"
6040,She
6041,Of
6042,"Hopefully,"
6043,Tigers
6044,Reading
6045,The
6046,People
6047,While
6048,South
6049,Korea
6050,President
6051,South
6052,Korea
6053,South
6054,Korea.
6055,She
6056,While
6057,This
6058,The
6059,But
6060,What
6061,Check
6062,Definitely
6063,Make
6064,This
6065,Philippines
6066,People
6067,You
6068,United
6069,States.
6070,Maybe
6071,Trump
6072,There
6073,LGBT
6074,We
6075,LGBT
6076,Makes
6077,Does
6078,Well
6079,People
6080,This
6081,This
6082,Geneva
6083,Convention
6084,Often
6085,Maybe
6086,"Harambe,"
6087,This
6088,The
6089,Had
6090,Well
6091,Kind
6092,There
6093,Wisconsin.
6094,"Fever,"
6095,The
6096,Pretty
6097,There
6098,Ethiopia.
6099,Looks
6100,People
6101,Foreign
6102,Really
6103,Looks
6104,People
6105,People
6106,Trump
6107,Withdrawing
6108,Obama
6109,There's
6110,States
6111,Crazy
6112,Too
6113,Not
6114,Why
6115,"Sure,"
6116,Our
6117,"Sure,"
6118,There
6119,This
6120,We
6121,Trump
6122,No
6123,He's
6124,We
6125,Mueller
6126,While
6127,There
6128,These
6129,They
6130,"Restraints,"
6131,Don't
6132,"Wow,"
6133,That
6134,While
6135,United
6136,"States,"
6137,"Maybe,"
6138,How
6139,DNA
6140,How
6141,There
6142,Crushed
6143,Really?
6144,What
6145,My
6146,There
6147,Since
6148,OF
6149,COURSE
6150,The
6151,Torture
6152,This
6153,The
6154,They
6155,They
6156,They
6157,The
6158,People
6159,The
6160,This
6161,Drug
6162,There
6163,Drug
6164,Whether
6165,People
6166,Such
6167,"Queen,"
6168,Queen
6169,"England,"
6170,Big
6171,Mike
6172,We
6173,While
6174,USA!
6175,These
6176,What
6177,They
6178,They
6179,People
6180,They
6181,They
6182,There
6183,"Poverty,"
6184,My
6185,Such
6186,The
6187,Why
6188,Hi
6189,N.
6190,Just
6191,Matthew
6192,Haiti.
6193,Hunger
6194,Disease
6195,Just
6196,Nosey.
6197,He
6198,He
6199,Nosey
6200,United
6201,States.
6202,"Oh,"
6203,Being
6204,The
6205,There
6206,Just
6207,The
6208,Durango
6209,Florida.
6210,There
6211,The
6212,He
6213,He
6214,These
6215,There
6216,There
6217,"UK,"
6218,Elle
6219,She
6220,She
6221,The
6222,Dhaka
6223,They
6224,The
6225,They
6226,My
6227,The
6228,They
6229,Many
6230,This
6231,"Bundy,"
6232,They
6233,They
6234,That
6235,He
6236,Well
6237,Toughie
6238,Frog
6239,He
6240,He
6241,They
6242,They
6243,That's
6244,Especially
6245,What
6246,Who
6247,Could
6248,Donald
6249,Trump.
6250,He
6251,He
6252,He
6253,He
6254,He's
6255,He
6256,Like
6257,Donald
6258,Trump.
6259,He
6260,United
6261,States
6262,He
6263,Keep
6264,"Great,"
6265,He
6266,Hey
6267,Mary
6268,CDC
6269,Have
6270,See
6271,Here
6272,The
6273,Scotland
6274,Flint
6275,The
6276,Pruitt
6277,EPA
6278,"Flint,"
6279,JUst
6280,What
6281,US
6282,Somali
6283,We
6284,"Now,"
6285,What
6286,HAMID
6287,KARZAI
6288,What
6289,Seeing
6290,His
6291,To
6292,His
6293,What
6294,Good
6295,What
6296,Not
6297,Coal
6298,Uranium
6299,"Hey,"
6300,This
6301,TV
6302,How
6303,The
6304,Yemen
6305,Houthi
6306,This
6307,Geneva
6308,Conventions.
6309,Of
6310,These
6311,For
6312,French
6313,Have
6314,US
6315,Military
6316,Jordan.
6317,How
6318,The
6319,US
6320,Jordan
6321,Why
6322,The
6323,From
6324,Jordan
6325,My
6326,But
6327,US
6328,NINE.
6329,This
6330,How
6331,He
6332,One
6333,Who
6334,But
6335,Did
6336,To
6337,What
6338,HER
6339,SON
6340,There
6341,Kim
6342,Kardashian
6343,Mallika
6344,Sherawat
6345,Hello
6346,Haiti
6347,Every
6348,Hello
6349,So
6350,He
6351,This
6352,Hello
6353,The
6354,Hey
6355,Heyy!
6356,Kind
6357,They
6358,Some
6359,The
6360,The
6361,Funny
6362,Kilmer
6363,Seems
6364,Michael
6365,Douglas
6366,The
6367,Ghost
6368,Darkness
6369,Kilmer's
6370,Maybe
6371,Volkswagen
6372,The
6373,The
6374,This
6375,"Trump,"
6376,Mexico
6377,This
6378,Mexican
6379,Don't
6380,We
6381,Hopefully
6382,Wells
6383,Fargo
6384,"Well,"
6385,Wells
6386,Fargo
6387,What
6388,South
6389,The
6390,Big
6391,The
6392,Malaysian
6393,He
6394,His
6395,"Yeah,"
6396,Something
6397,United
6398,States
6399,The
6400,Do
6401,Kim
6402,"No,"
6403,Tristan's
6404,Kim
6405,"Yes,"
6406,Did
6407,Residents
6408,Their
6409,Did
6410,Diana?
6411,She
6412,These
6413,The
6414,When
6415,Did
6416,Jose
6417,Fernandez?
6418,He
6419,He
6420,What
6421,He
6422,Hose
6423,"Cuba,"
6424,There
6425,Oklahoma.
6426,"Fortunately,"
6427,We
6428,Worst
6429,Golden
6430,Mosul
6431,This
6432,His
6433,He
6434,This
6435,He
6436,We
6437,Friends
6438,This
6439,He
6440,This
6441,This
6442,This
6443,This
6444,These
6445,Friends
6446,They
6447,This
6448,People
6449,We
6450,China
6451,Friends
6452,Family
6453,Trump
6454,Celsius.
6455,This
6456,This
6457,Vietnam
6458,Did
6459,National
6460,Service?
6461,"Hey,"
6462,Middle
6463,Did
6464,There
6465,"Terror."""
6466,Our
6467,US
6468,Constitution.
6469,Those
6470,The
6471,Burma.
6472,Near
6473,Muslim
6474,The
6475,Rohingya
6476,Enough
6477,These
6478,The
6479,These
6480,More
6481,We
6482,From
6483,The
6484,While
6485,You
6486,This
6487,Hope's
6488,Hope
6489,Look
6490,National
6491,Geographic
6492,She
6493,The
6494,UN
6495,What
6496,Man
6497,There
6498,They
6499,"Yet,"
6500,France
6501,Some
6502,This
6503,Hey.
6504,From
6505,Drinking
6506,FDA.
6507,One
6508,They
6509,Some
6510,Some
6511,Highway
6512,Chunky.
6513,Some
6514,They
6515,Halloween.
6516,To
6517,To
6518,To
6519,Our
6520,She
6521,Dear
6522,How
6523,Hope
6524,But
6525,Your
6526,That's
6527,No
6528,Don't
6529,What
6530,Have
6531,Friends
6532,When
6533,Read
6534,So
6535,Change
6536,Check
6537,Change
6538,Expert
6539,Morocco
6540,Deserts
6541,Middle
6542,Read
6543,You
6544,Presidential
6545,Criticized
6546,For
6547,Being
6548,Single
6549,Woman
6550,U.S.
6551,Moldovan
6552,Maia
6553,The
6554,Seriously...if
6555,Major
6556,More
6557,JAMA
6558,Pediatrics
6559,Oct.
6560,Researchers
6561,School
6562,Medicine
6563,Kids’
6564,Database
6565,U.S.
6566,The
6567,What's
6568,Possibly
6569,OxyContin
6570,Vicodin.
6571,Really?
6572,Try
6573,Now
6574,Do
6575,Obese
6576,Get
6577,Worse
6578,Many
6579,Doctors
6580,Don’t
6581,See
6582,Fat
6583,You
6584,"Bramblette,"
6585,But
6586,Ms.
6587,Bramblette
6588,How
6589,The
6590,What's
6591,This
6592,This
6593,Everyone
6594,The
6595,This
6596,"Unfortunately,"
6597,Fortunately
6598,But
6599,When
6600,Seeing
6601,Kate
6602,"Kate,"
6603,Len
6604,When
6605,When
6606,These
6607,Corruption
6608,CEO
6609,The
6610,When
6611,Orangutan's
6612,Nicolas
6613,Maduro
6614,Venezuela
6615,The
6616,Reading
6617,Jose
6618,Fernandez
6619,Miami
6620,Marlins
6621,Cincinnati
6622,Zoo
6623,Gorilla
6624,This
6625,Harambe
6626,They
6627,Gorilla
6628,Cetin
6629,This
6630,US
6631,US
6632,More
6633,More
6634,This
6635,"Yes,"
6636,On
6637,Educational
6638,But
6639,Japan.
6640,This
6641,They
6642,Such
6643,Did
6644,Delaware.
6645,Hopefully
6646,That
6647,The
6648,No
6649,But
6650,Did
6651,Swedish
6652,This
6653,He
6654,There
6655,Many
6656,People
6657,There
6658,Russia
6659,Second
6660,World
6661,Many
6662,Russia
6663,With
6664,Health
6665,Russian
6666,No
6667,Donald
6668,Trump's
6669,Hollywood.
6670,He
6671,The
6672,Bernie
6673,"Hollywood,"
6674,The
6675,The
6676,The
6677,They
6678,YouTube.
6679,The
6680,The
6681,YouTube
6682,You
6683,Could
6684,Check
6685,Should
6686,Will
6687,Hey
6688,Leonard
6689,Cohen
6690,This
6691,What
6692,Hey
6693,Scottie
6694,Pippen
6695,Maybe
6696,Chicago.
6697,Scottie
6698,Pippen
6699,Michael
6700,Jordan
6701,Did
6702,Every
6703,There
6704,The
6705,The
6706,Trump
6707,Yet
6708,Him
6709,There's
6710,Kim
6711,Kardashian
6712,Kim
6713,You'd
6714,The
6715,United
6716,States
6717,Russia
6718,One
6719,United
6720,States.
6721,For
6722,Oh
6723,Thinking
6724,How
6725,The
6726,Verification
6727,Just
6728,Holy
6729,There
6730,The
6731,How
6732,Oh
6733,How
6734,The
6735,Poor
6736,How
6737,Wow.
6738,Though
6739,How
6740,Perhaps
6741,More's
6742,What
6743,The
6744,How
6745,The
6746,Hopefully
6747,The
6748,With
6749,WHO
6750,NO
6751,We
6752,What
6753,People
6754,There
6755,Trump
6756,These
6757,How
6758,Stopping
6759,That
6760,How
6761,Europe
6762,Mediterranean
6763,Sea.
6764,This
6765,"Europe,"
6766,These
6767,Chinese
6768,Jesus
6769,Christ
6770,There
6771,Yemen.
6772,The
6773,United
6774,States
6775,These
6776,US
6777,British
6778,Hong
6779,Kong.
6780,How
6781,They
6782,You
6783,Climate
6784,We
6785,Underdeveloped
6786,How
6787,They
6788,Big
6789,Yet
6790,Just
6791,We
6792,Congress.
6793,Look
6794,We
6795,They
6796,How
6797,He
6798,He
6799,Even
6800,You
6801,But
6802,Or
6803,Not
6804,"UNICEF,"
6805,The
6806,USA
6807,These
6808,These
6809,They
6810,Most
6811,They
6812,They
6813,"Yet,"
6814,Reading
6815,Or
6816,TV
6817,"Survivor,"
6818,Well’s
6819,Fargo.
6820,To
6821,They
6822,The
6823,They
6824,They
6825,There
6826,Climate
6827,The
6828,People
6829,We
6830,Male
6831,Crazy
6832,Over
6833,So
6834,Maybe
6835,How
6836,So
6837,Russia
6838,Syria.
6839,Now
6840,Russian
6841,They
6842,Some
6843,HRW
6844,They
6845,Russians
6846,So
6847,Mariah
6848,Ceasers
6849,Her
6850,But
6851,They
6852,So
6853,So
6854,The
6855,Did
6856,The
6857,Over
6858,That
6859,What
6860,He
6861,Trump
6862,Obama.
6863,So
6864,The
6865,"However,"
6866,"Unfortunately,"
6867,Wow
6868,How
6869,They
6870,What
6871,Wow
6872,The
6873,"Luckily,"
6874,"Unfortunately,"
6875,Trump.
6876,That
6877,The
6878,Unfortunately
6879,They
6880,That
6881,Russia
6882,Putins
6883,"D.C.,"
6884,Russian
6885,He
6886,Russian
6887,Did
6888,US
6889,She
6890,Clinton
6891,But
6892,Harvard
6893,She
6894,Cuba
6895,Did
6896,Georgia
6897,The
6898,Politics
6899,This
6900,The
6901,The
6902,Dr.
6903,Luke
6904,Kesha
6905,Kesha
6906,Dr.
6907,Luke
6908,Kesha
6909,Hearing
6910,The
6911,Police
6912,This
6913,Mediterranean
6914,Greece
6915,Clearly
6916,Life
6917,Living
6918,Even
6919,Twenty-seven
6920,Don't
6921,His
6922,So
6923,The
6924,There
6925,So
6926,This
6927,United
6928,States
6929,But
6930,Didn't
6931,Fox
6932,News
6933,Senate?
6934,The
6935,Obama's
6936,He
6937,"Senate,"
6938,This
6939,"One,"
6940,Christ.
6941,Will
6942,Hawaii
6943,We
6944,"Well,"
6945,Not
6946,The
6947,No
6948,We
6949,This
6950,The
6951,Using
6952,The
6953,Trump
6954,Now
6955,Native
6956,Native
6957,God.
6958,"We,"
6959,Native
6960,HUGE
6961,Strip.
6962,How
6963,They
6964,For
6965,Bullying
6966,What
6967,This
6968,Europe
6969,Turkey
6970,How
6971,You
6972,Middle
6973,Doctors
6974,Without
6975,Borders
6976,Middle
6977,Those
6978,Such
6979,This
6980,She
6981,Not
6982,Poor
6983,Macie
6984,Perhaps
6985,Haiti.
6986,Haitian
6987,Reading
6988,The
6989,People
6990,Do
6991,Hell
6992,This
6993,The
6994,Trump
6995,This
6996,Trump
6997,This
6998,This
6999,Trump.
7000,Trump
7001,Liberals
7002,DNC
7003,Bernie.
7004,Neocons
7005,The
7006,For
7007,Regarding
7008,Chicago
7009,Just
7010,Chicago
7011,Even
7012,Will
7013,Of
7014,Vermont
7015,Living
7016,Other
7017,The
7018,What
7019,The
7020,University
7021,"NASA,"
7022,Polar
7023,Bears.
7024,They
7025,The
7026,The
7027,Terence
7028,Crutcher
7029,Betty
7030,Shelby
7031,Tulsa
7032,Oklahoma.
7033,She
7034,Terence
7035,Crutcher.
7036,The
7037,Terence
7038,The
7039,Terence
7040,He
7041,Hundreds
7042,Betty
7043,Shelby
7044,Just
7045,Donald
7046,Trump
7047,Fresno
7048,Texas
7049,Donald
7050,Trump
7051,"Well,"
7052,The
7053,Fort
7054,Bend
7055,County
7056,Texas
7057,The
7058,The
7059,The
7060,The
7061,Researchers
7062,Of
7063,They
7064,Jessy
7065,"Oprah,"
7066,Jerry
7067,Springer
7068,She
7069,She
7070,Hindsight
7071,Reading
7072,With
7073,Many
7074,The
7075,Native
7076,USA
7077,This
7078,First
7079,The
7080,There
7081,The
7082,We
7083,US
7084,When
7085,For
7086,The
7087,They
7088,We
7089,People
7090,This
7091,Just
7092,Stuff
7093,That
7094,Storied
7095,Black
7096,Lives
7097,Matter
7098,They're
7099,What
7100,When
7101,My
7102,Considering
7103,Donald
7104,Trump
7105,Even
7106,Nothing
7107,Boring.
7108,These
7109,Then
7110,Commiefornia's
7111,Sometimes
7112,"But,"
7113,"Plus,"
7114,What
7115,That
7116,Maybe
7117,This
7118,These
7119,US
7120,"Hell,"
7121,That's
7122,The
7123,Syria
7124,US
7125,We
7126,We
7127,The
7128,Trump
7129,This
7130,This
7131,Not
7132,France
7133,This
7134,Britain.
7135,Reading
7136,Virus
7137,"Wow,"
7138,This
7139,The
7140,This
7141,They're
7142,Haitians
7143,Haiti
7144,"Clintons,"
7145,The
7146,U.S.
7147,Mexico
7148,These
7149,U.S.
7150,Sympathy
7151,Because
7152,So
7153,Boko
7154,Haram.
7155,Boko
7156,Haram
7157,These
7158,Of
7159,That
7160,Let
7161,The
7162,What???
7163,There
7164,Dogs
7165,The
7166,The
7167,The
7168,Malaysian
7169,The
7170,He
7171,When
7172,There
7173,The
7174,There
7175,Some
7176,They
7177,One
7178,They
7179,This
7180,There
7181,Mike
7182,Pence
7183,He
7184,Why
7185,We
7186,Donald
7187,Trump
7188,Most
7189,Muslim
7190,President
7191,Muslims.
7192,Jewish
7193,LBGTQ
7194,Black
7195,Trumps
7196,Muslim
7197,He
7198,Did
7199,The
7200,What
7201,Murder
7202,Please
7203,We
7204,Hello!
7205,This
7206,National
7207,This
7208,Maybe
7209,His
7210,To
7211,To
7212,This
7213,This
7214,YOU
7215,County
7216,Department
7217,Children
7218,Family
7219,Services!
7220,How
7221,"Yeah,"
7222,DISAPPEARED.
7223,"Then,"
7224,NOTHING
7225,He
7226,We
7227,County!
7228,This
7229,The
7230,You
7231,This
7232,Two
7233,This
7234,The
7235,The
7236,Worrying
7237,Not
7238,Certainly
7239,Did
7240,Climate
7241,Change
7242,Threatens
7243,World’s
7244,Coffee
7245,Supply??
7246,"Well,"
7247,The
7248,New
7249,Zealand
7250,"Well,"
7251,Tell
7252,"So,"
7253,Kenya
7254,South
7255,Sudan
7256,Kenyan
7257,U.N.
7258,Kenyan
7259,Hello
7260,Writing
7261,Syrians
7262,Germany
7263,Nigerians.
7264,Germany
7265,Syria
7266,But
7267,Nigeria
7268,This
7269,"Hi,"
7270,Syria’s
7271,Friday.
7272,Government
7273,Russian
7274,Repeated
7275,What
7276,Hey
7277,This
7278,They
7279,We
7280,"Man,"
7281,The
7282,Trump
7283,These
7284,But
7285,This
7286,Fear
7287,Korea.
7288,For
7289,"President,"
7290,Trump.
7291,The
7292,The
7293,The
7294,You
7295,Hello
7296,The
7297,They
7298,The
7299,The
7300,They
7301,There
7302,The
7303,There
7304,They
7305,The
7306,Looks
7307,They
7308,The
7309,Collins
7310,While
7311,Hacking
7312,The
7313,This
7314,The
7315,Bin
7316,The
7317,President's
7318,We
7319,This
7320,Life
7321,On
7322,My
7323,Republican
7324,Democrat
7325,Nembutal
7326,Muslim
7327,Muslim
7328,Muslims
7329,European
7330,Muslims
7331,The
7332,What
7333,My
7334,When
7335,For
7336,Some
7337,One
7338,The
7339,The
7340,Too
7341,Too
7342,Too
7343,Too
7344,Too
7345,Too
7346,Too
7347,Too
7348,Too
7349,Too
7350,Too
7351,Too
7352,Too
7353,Too
7354,Too
7355,Too
7356,Too
7357,Too
7358,Too
7359,Too
7360,Too
7361,Too
7362,Too
7363,Too
7364,Too
7365,Too
7366,Too
7367,Too
7368,Too
7369,Too
7370,Too
7371,This
7372,The
7373,Confederate
7374,Being
7375,Yu
7376,Chinese
7377,Cricket
7378,England
7379,Test.
7380,Being
7381,While
7382,Being
7383,Not
7384,ESPECIALLY
7385,"Furthermore,"
7386,Damaging
7387,The
7388,US's
7389,By
7390,Corporations
7391,"Hey,"
7392,Seems
7393,You
7394,Delaware?
7395,There
7396,That
7397,Technology
7398,That
7399,Maybe
7400,There
7401,FBI
7402,Some
7403,United
7404,States
7405,The
7406,Seems
7407,"Hey,"
7408,They
7409,That
7410,That
7411,"Man,"
7412,There
7413,Somebody
7414,People
7415,There
7416,That's
7417,Don't
7418,The
7419,They
7420,One
7421,The
7422,The
7423,NRA
7424,This
7425,The
7426,This
7427,State
7428,They
7429,There
7430,The
7431,The
7432,The
7433,From
7434,Uganda.
7435,"Uganda,"
7436,One
7437,The
7438,Donald
7439,Trump
7440,Muslims
7441,Trump
7442,"So,"
7443,Kilmer's
7444,What
7445,People
7446,Susan
7447,Dakota
7448,Pipeline.
7449,While
7450,What
7451,Hey
7452,Oil
7453,Company
7454,Orangutan
7455,This
7456,They
7457,This
7458,You
7459,Hey
7460,So
7461,Mosul.
7462,The
7463,Mosul
7464,State.
7465,Now
7466,Why
7467,Why
7468,This
7469,We
7470,So
7471,What
7472,So
7473,You
7474,Some
7475,We
7476,No
7477,Next
7478,Hey
7479,"Charlotte,"
7480,N.C?
7481,Why
7482,No
7483,Turkey?
7484,Man
7485,This
7486,Turkey’s
7487,On
7488,The
7489,That
7490,You
7491,This
7492,That
7493,BOTH
7494,BOTH
7495,"Wow,"
7496,What
7497,Scary!
7498,What
7499,While
7500,Russia
7501,"US,"
7502,Teenagers
7503,This
7504,Here's
7505,Sharia
7506,US
7507,This
7508,What
7509,This
7510,Disgusting!
7511,Those
7512,They
7513,What
7514,This
7515,Things
7516,HOpefully
7517,So
7518,The
7519,What
7520,"Regardless,"
7521,They
7522,"Okay,"
7523,"Still,"
7524,My
7525,Granny
7526,Jones
7527,The
7528,These
7529,The
7530,This
7531,British
7532,Government
7533,This
7534,Murchison
7535,Falls
7536,National
7537,Uganda.
7538,Everyone
7539,Too
7540,Of
7541,Still
7542,Brits
7543,Governments
7544,Sure
7545,Minnesota
7546,Chicago.
7547,Now
7548,One
7549,LOL
7550,Like
7551,We
7552,Donald
7553,Trump
7554,SNAP
7555,Granted
7556,Govt.
7557,Who
7558,North
7559,Korea!
7560,Please
7561,Billy.
7562,Maybe
7563,Maybe
7564,North
7565,Korea
7566,Serves
7567,Jews.
7568,Yet
7569,Jews
7570,To
7571,Jew
7572,People
7573,Jews
7574,Jews
7575,Smart
7576,Just
7577,"Jew,"
7578,Jew
7579,"Jew,"
7580,Jew
7581,OTOH
7582,Trump
7583,WW2
7584,Jews
7585,Republican
7586,Trump
7587,Still
7588,They
7589,Once
7590,Why
7591,Florida.
7592,Like
7593,Florida.
7594,Frankly
7595,Squirrels
7596,Sure
7597,Then
7598,Florida
7599,They
7600,Could
7601,Things
7602,God
7603,Why
7604,This
7605,For
7606,Then
7607,How
7608,Maybe
7609,You
7610,My
7611,Then
7612,These
7613,They
7614,"Then,"
7615,When
7616,Slager
7617,Tensig
7618,Moral
7619,DuBose's
7620,Queen.
7621,She
7622,They've
7623,Well
7624,Hopefully
7625,Florida
7626,This
7627,Those
7628,Loud
7629,Music
7630,"Shooter,"
7631,Florida.
7632,Typhoon
7633,Meranti.
7634,"However,"
7635,Vietnam.
7636,You
7637,He
7638,He
7639,He
7640,When
7641,He
7642,He
7643,My
7644,The
7645,Here's
7646,Read
7647,More
7648,Trump
7649,Hillary.
7650,Hollywood
7651,Constitution?
7652,Check
7653,Focusing
7654,This
7655,Just
7656,This
7657,Until
7658,Middle
7659,Millions
7660,Kim
7661,"Jong-un,"
7662,We
7663,North
7664,Korea
7665,Since
7666,Trump
7667,But
7668,Trump
7669,The
7670,This
7671,We
7672,Let
7673,The
7674,Climate
7675,This
7676,The
7677,This
7678,Women
7679,This
7680,Tech
7681,This
7682,State
7683,Louisiana.
7684,Not
7685,The
7686,This
7687,These
7688,Showing
7689,People
7690,This
7691,Doesn't
7692,Wow
7693,This
7694,Texas
7695,People
7696,Trump
7697,Trump
7698,KKK
7699,Jew
7700,KKK
7701,BS
7702,Man
7703,Ultimately
7704,Man
7705,This
7706,You
7707,Thursday
7708,State
7709,U.S.
7710,The
7711,Dunford
7712,The
7713,U.S.
7714,State
7715,No
7716,Geneva
7717,World
7718,Now
7719,The
7720,The
7721,Guy
7722,Deonte
7723,"Glenarden,"
7724,The
7725,Prince
7726,George’s
7727,"County,"
7728,Do
7729,That
7730,West
7731,Nile
7732,The
7733,US
7734,Halstead
7735,That’s
7736,Emerging
7737,Diseases
7738,Now
7739,Muslim
7740,"USA,"
7741,New
7742,York
7743,Muslim
7744,New
7745,York
7746,City’s
7747,Fifth
7748,Donald
7749,Trump
7750,Trump
7751,This
7752,This
7753,The
7754,United
7755,States
7756,Trump
7757,US
7758,There
7759,We
7760,There
7761,Trump
7762,The
7763,There
7764,"First,"
7765,How
7766,The
7767,Why
7768,Not
7769,Middle
7770,She
7771,She
7772,"Now,"
7773,The
7774,"However,"
7775,There
7776,My
7777,But
7778,These
7779,There
7780,Sports
7781,They
7782,There
7783,They
7784,They
7785,This
7786,Why
7787,That
7788,The
7789,This
7790,Why
7791,Med?
